{"type":"FeatureCollection","features":[{"type":"Feature","id":"4534780","properties":{"osmWayId":"4534780","name":"Waverley Road","parkingStatus":"unknown"},"geometry":{"type":"LineString","coordinates":[[145.0450286,-37.8759625],[145.0449982,-37.8759818],[145.0449702,-37.875997],[145.0449401,-37.8760106],[145.0449133,-37.8760218],[145.0448785,-37.8760337],[145.0448478,-37.8760412],[145.0448193,-37.8760456],[145.0447931,-37.8760486],[145.0447588,-37.8760507],[145.0447011,-37.8760533]]}},{"type":"Feature","id":"4609047","properties":{"osmWayId":"4609047","name":"Grange Road","parkingStatus":"unknown"},"geometry":{"type":"LineString","coordinates":[[145.0462824,-37.8869957],[145.0462095,-37.8871246],[145.0461975,-37.8871459],[145.0461818,-37.8871744],[145.0461327,-37.8872635]]}},{"type":"Feature","id":"4700129","properties":{"osmWayId":"4700129","name":"Ames Avenue","parkingStatus":"unknown"},"geometry":{"type":"LineString","coordinates":[[145.0622943,-37.8898048],[145.0622835,-37.8898673],[145.0617308,-37.8930075]]}},{"type":"Feature","id":"4700130","properties":{"osmWayId":"4700130","name":"Margaret Street","parkingStatus":"unknown"},"geometry":{"type":"LineString","coordinates":[[145.0635953,-37.8899575],[145.0635839,-37.8900203],[145.0631788,-37.8922726],[145.0631759,-37.8923238],[145.0631844,-37.8923691],[145.0632163,-37.892443],[145.0632565,-37.8925341],[145.0632748,-37.8925923],[145.0632848,-37.8926642],[145.0632863,-37.8927153],[145.0632013,-37.8931752],[145.0631289,-37.8935782],[145.0631227,-37.893613]]}},{"type":"Feature","id":"4703979","properties":{"osmWayId":"4703979","name":"Sydney Street","parkingStatus":"unknown"},"geometry":{"type":"LineString","coordinates":[[145.0670926,-37.8881466],[145.0677084,-37.8882213],[145.0697024,-37.8884564],[145.0697698,-37.8884643]]}},{"type":"Feature","id":"4703987","properties":{"osmWayId":"4703987","name":"Belgrave Road","parkingStatus":"unknown"},"geometry":{"type":"LineString","coordinates":[[145.0676851,-37.8834813],[145.0676314,-37.8837755],[145.0675336,-37.8842808],[145.0675198,-37.884374],[145.0675104,-37.8844391]]}},{"type":"Feature","id":"4709558","properties":{"osmWayId":"4709558","name":"Unnamed road","parkingStatus":"unknown"},"geometry":{"type":"LineString","coordinates":[[145.0447737,-37.8778019],[145.0447875,-37.8778193],[145.0447951,-37.877839],[145.044796,-37.8778596],[145.04479,-37.8778796],[145.0447777,-37.8778977],[145.0447598,-37.8779127],[145.0447459,-37.8779202],[145.0447251,-37.8779272],[145.044703,-37.8779302],[145.0446805,-37.8779293],[145.0446588,-37.8779244],[145.0446391,-37.8779158],[145.0446224,-37.8779039],[145.0446153,-37.8778967],[145.0446076,-37.8778864],[145.044602,-37.8778753],[145.0445986,-37.8778637],[145.0445974,-37.8778518],[145.0445986,-37.8778399],[145.044602,-37.8778283],[145.0446076,-37.8778172],[145.0446153,-37.8778069],[145.0446249,-37.8777977],[145.0446361,-37.8777897],[145.0446482,-37.8777834],[145.0446612,-37.8777785],[145.0446751,-37.8777752],[145.0446893,-37.8777735],[145.0447038,-37.8777735],[145.0447181,-37.8777751],[145.0447319,-37.8777783],[145.044745,-37.8777831],[145.0447571,-37.8777893],[145.0447679,-37.8777968],[145.0447737,-37.8778019]]}},{"type":"Feature","id":"4709561","properties":{"osmWayId":"4709561","name":"Burke Road","parkingStatus":"unknown"},"geometry":{"type":"LineString","coordinates":[[145.0472981,-37.8780598],[145.0474343,-37.8780444],[145.0475244,-37.8780307]]}},{"type":"Feature","id":"4709600","properties":{"osmWayId":"4709600","name":"Queens Avenue","parkingStatus":"unknown"},"geometry":{"type":"LineString","coordinates":[[145.0446465,-37.8781124],[145.0446023,-37.8783543],[145.0445727,-37.8784999]]}},{"type":"Feature","id":"4720830","properties":{"osmWayId":"4720830","name":"Sycamore Street","parkingStatus":"unknown"},"geometry":{"type":"LineString","coordinates":[[145.0696679,-37.8795514],[145.069946,-37.8784977],[145.0700691,-37.8780158]]}},{"type":"Feature","id":"4720831","properties":{"osmWayId":"4720831","name":"Murrumbeena Road","parkingStatus":"unknown"},"geometry":{"type":"LineString","coordinates":[[145.067357,-37.8852579],[145.0674159,-37.8849577]]}},{"type":"Feature","id":"4720833","properties":{"osmWayId":"4720833","name":"Hillard Street","parkingStatus":"unknown"},"geometry":{"type":"LineString","coordinates":[[145.0682047,-37.8807749],[145.0681018,-37.8807623],[145.0661142,-37.8805196],[145.0660434,-37.8805121],[145.065995,-37.8805108],[145.0658904,-37.8805227],[145.0658273,-37.880525],[145.0657667,-37.8805226],[145.0652523,-37.8804657]]}},{"type":"Feature","id":"4875706","properties":{"osmWayId":"4875706","name":"Emo Road","parkingStatus":"unknown"},"geometry":{"type":"LineString","coordinates":[[145.0524781,-37.8733746],[145.0524641,-37.8734482],[145.052362,-37.8739871],[145.0519758,-37.8760251],[145.051917,-37.8763382],[145.0519127,-37.8763611],[145.0519039,-37.8764076],[145.0519014,-37.8764225],[145.0518977,-37.8764373],[145.0518893,-37.8764819],[145.0518854,-37.8765025],[145.0518039,-37.8769314],[145.0517283,-37.8773261],[145.0517169,-37.8773854],[145.0517055,-37.877446],[145.0516292,-37.8778502],[145.0515689,-37.8781263],[145.0515247,-37.8783046],[145.0514775,-37.8784962],[145.0514235,-37.878769],[145.0513345,-37.8792274],[145.0511554,-37.8801386],[145.0509536,-37.8812309],[145.050949,-37.8812482],[145.0509399,-37.8812737],[145.0509231,-37.8812993],[145.0505867,-37.8816414],[145.0504626,-37.8817677]]}},{"type":"Feature","id":"4880008","properties":{"osmWayId":"4880008","name":"Leila Road","parkingStatus":"unknown"},"geometry":{"type":"LineString","coordinates":[[145.0408562,-37.9000424],[145.0410991,-37.9000724],[145.0417899,-37.9001577],[145.0418949,-37.9001707],[145.0419973,-37.9001835],[145.0431436,-37.9003265],[145.0432475,-37.9003395],[145.0433522,-37.9003525],[145.0444175,-37.9004832]]}},{"type":"Feature","id":"4880383","properties":{"osmWayId":"4880383","name":"Centre Road","parkingStatus":"unknown"},"geometry":{"type":"LineString","coordinates":[[145.0541632,-37.8920312],[145.0541843,-37.8920341],[145.0542779,-37.892048],[145.0546955,-37.8921],[145.054962,-37.892132],[145.0558334,-37.8922365],[145.0562499,-37.8922889]]}},{"type":"Feature","id":"4880386","properties":{"osmWayId":"4880386","name":"Graceburn Avenue","parkingStatus":"unknown"},"geometry":{"type":"LineString","coordinates":[[145.0544923,-37.8909902],[145.0543368,-37.8909711],[145.0543004,-37.8909666],[145.0542824,-37.8909644],[145.0541671,-37.8909521]]}},{"type":"Feature","id":"10631584","properties":{"osmWayId":"10631584","name":"Sylvester Crescent","parkingStatus":"unknown"},"geometry":{"type":"LineString","coordinates":[[145.0677784,-37.8780957],[145.0677927,-37.878037],[145.0678079,-37.8780082],[145.0682837,-37.877092],[145.0673053,-37.8764823]]}},{"type":"Feature","id":"11588261","properties":{"osmWayId":"11588261","name":"Kangaroo Road","parkingStatus":"unknown"},"geometry":{"type":"LineString","coordinates":[[145.0662454,-37.8972538],[145.0664259,-37.8972758],[145.0666431,-37.8973024]]}},{"type":"Feature","id":"22970405","properties":{"osmWayId":"22970405","name":"Oakleigh Road","parkingStatus":"unknown"},"geometry":{"type":"LineString","coordinates":[[145.0413177,-37.8977372],[145.0423484,-37.8978629],[145.0429668,-37.89794],[145.0436957,-37.8980277],[145.0439085,-37.8980549],[145.0441188,-37.8980818],[145.0448357,-37.8981691],[145.0449763,-37.8981856],[145.044991,-37.8981867],[145.0450183,-37.8981888],[145.0450367,-37.8981902],[145.0451438,-37.8981977]]}},{"type":"Feature","id":"22971068","properties":{"osmWayId":"22971068","name":"Lord Street","parkingStatus":"unknown"},"geometry":{"type":"LineString","coordinates":[[145.043396,-37.8847112],[145.0434718,-37.8847197],[145.0444757,-37.8848448],[145.0445045,-37.8848463],[145.0445271,-37.8848475],[145.0445621,-37.8848413]]}},{"type":"Feature","id":"22971072","properties":{"osmWayId":"22971072","name":"Clifton Street","parkingStatus":"unknown"},"geometry":{"type":"LineString","coordinates":[[145.0454405,-37.8839767],[145.0453433,-37.8839648],[145.0436592,-37.8837549],[145.0435833,-37.8837453]]}},{"type":"Feature","id":"22971073","properties":{"osmWayId":"22971073","name":"Tattenham Street","parkingStatus":"unknown"},"geometry":{"type":"LineString","coordinates":[[145.0459927,-37.8829871],[145.0459176,-37.8829778],[145.0438594,-37.8827223],[145.043784,-37.882714]]}},{"type":"Feature","id":"22971074","properties":{"osmWayId":"22971074","name":"Moodie Street","parkingStatus":"unknown"},"geometry":{"type":"LineString","coordinates":[[145.0460579,-37.8819391],[145.0459798,-37.8819295],[145.0445384,-37.8817523],[145.0440588,-37.8816945],[145.043984,-37.8816861]]}},{"type":"Feature","id":"22971075","properties":{"osmWayId":"22971075","name":"Epsom Street","parkingStatus":"unknown"},"geometry":{"type":"LineString","coordinates":[[145.0458491,-37.8808426],[145.045765,-37.8808324],[145.0447393,-37.8807073],[145.0442619,-37.8806484],[145.0442387,-37.8806454],[145.0441879,-37.8806388]]}},{"type":"Feature","id":"23796221","properties":{"osmWayId":"23796221","name":"Railway Parade","parkingStatus":"unknown"},"geometry":{"type":"LineString","coordinates":[[145.0666091,-37.8903227],[145.0667659,-37.8903492],[145.066931,-37.8903885],[145.0669928,-37.8904064]]}},{"type":"Feature","id":"23796223","properties":{"osmWayId":"23796223","name":"Rosella Street","parkingStatus":"unknown"},"geometry":{"type":"LineString","coordinates":[[145.0717226,-37.8924117],[145.0716779,-37.8924931],[145.0716773,-37.8924968],[145.0714745,-37.8936789],[145.0729267,-37.8943374],[145.0738672,-37.894727],[145.0761272,-37.895012],[145.0765679,-37.8950647],[145.0766624,-37.895076]]}},{"type":"Feature","id":"23807991","properties":{"osmWayId":"23807991","name":"Kirkham Road","parkingStatus":"unknown"},"geometry":{"type":"LineString","coordinates":[[145.0719921,-37.8998501],[145.0719989,-37.8998878],[145.0720008,-37.8999122],[145.0720011,-37.8999291],[145.0719985,-37.8999528],[145.071887,-37.9005471],[145.0716178,-37.9018804],[145.071617,-37.9018922],[145.0716213,-37.9019086],[145.0716347,-37.9019426]]}},{"type":"Feature","id":"23807992","properties":{"osmWayId":"23807992","name":"Doris Street","parkingStatus":"unknown"},"geometry":{"type":"LineString","coordinates":[[145.071887,-37.9005471],[145.071932,-37.9005382],[145.0719628,-37.9005321],[145.0723546,-37.9004547],[145.0729375,-37.9003431],[145.0731345,-37.9003064],[145.0733244,-37.90026],[145.0736507,-37.9001698],[145.0740112,-37.9000672],[145.0742292,-37.9000079],[145.0743996,-37.8999596],[145.0744955,-37.8999294],[145.0745468,-37.899906],[145.0750837,-37.8996175],[145.0751058,-37.8996062],[145.075128,-37.8995995],[145.0751509,-37.8995987],[145.0751779,-37.8996023],[145.0757038,-37.8996698],[145.0757613,-37.8996772],[145.0758071,-37.8996831]]}},{"type":"Feature","id":"24488199","properties":{"osmWayId":"24488199","name":"Leamington Crescent","parkingStatus":"unknown"},"geometry":{"type":"LineString","coordinates":[[145.0465874,-37.8820134],[145.0465909,-37.8818329],[145.0465772,-37.8815667],[145.0465238,-37.8812605],[145.0464432,-37.8809422],[145.0463862,-37.8807713],[145.0463587,-37.8806681],[145.0463648,-37.8805806],[145.0464211,-37.8805035],[145.0464879,-37.8804596],[145.04657,-37.8804368],[145.046636,-37.88044]]}},{"type":"Feature","id":"24488284","properties":{"osmWayId":"24488284","name":"Lloyds Avenue","parkingStatus":"unknown"},"geometry":{"type":"LineString","coordinates":[[145.0441247,-37.8870129],[145.0441355,-37.8869559],[145.0441404,-37.8869322],[145.0442121,-37.8865828],[145.0442265,-37.8865523],[145.0443067,-37.8864163],[145.0444736,-37.8861183],[145.0448652,-37.8854046]]}},{"type":"Feature","id":"24488286","properties":{"osmWayId":"24488286","name":"Saint Vincent Street","parkingStatus":"unknown"},"geometry":{"type":"LineString","coordinates":[[145.0451864,-37.8871439],[145.0452025,-37.8870646],[145.0452722,-37.8867215],[145.0459383,-37.8855318]]}},{"type":"Feature","id":"24488288","properties":{"osmWayId":"24488288","name":"Lord Street","parkingStatus":"unknown"},"geometry":{"type":"LineString","coordinates":[[145.0472946,-37.8851964],[145.0472154,-37.8851865],[145.0471885,-37.8851832],[145.0451885,-37.8849363],[145.0451336,-37.8849264],[145.0451007,-37.8849185],[145.0450847,-37.8849124],[145.0450735,-37.8849032]]}},{"type":"Feature","id":"24488294","properties":{"osmWayId":"24488294","name":"Clifton Street","parkingStatus":"unknown"},"geometry":{"type":"LineString","coordinates":[[145.0458542,-37.8840288],[145.0459299,-37.8840383],[145.0477085,-37.8842609],[145.0478126,-37.8842741]]}},{"type":"Feature","id":"24488295","properties":{"osmWayId":"24488295","name":"Tattenham Street","parkingStatus":"unknown"},"geometry":{"type":"LineString","coordinates":[[145.0463878,-37.8830357],[145.0464627,-37.8830452],[145.0482652,-37.8832727],[145.04837,-37.8832868]]}},{"type":"Feature","id":"24488297","properties":{"osmWayId":"24488297","name":"Moodie Street","parkingStatus":"unknown"},"geometry":{"type":"LineString","coordinates":[[145.0465874,-37.8820134],[145.0466587,-37.882022],[145.0488213,-37.8822841]]}},{"type":"Feature","id":"24488305","properties":{"osmWayId":"24488305","name":"Cosy Gum Road","parkingStatus":"unknown"},"geometry":{"type":"LineString","coordinates":[[145.0516711,-37.8832981],[145.0517075,-37.8833226],[145.0517299,-37.8833498],[145.0517442,-37.8833811],[145.051746,-37.8834132],[145.0516745,-37.8837943],[145.0516688,-37.8838247],[145.0516637,-37.883852],[145.0516554,-37.8838955],[145.0514723,-37.8848635],[145.0514571,-37.884944]]}},{"type":"Feature","id":"24488308","properties":{"osmWayId":"24488308","name":"McPherson Avenue","parkingStatus":"unknown"},"geometry":{"type":"LineString","coordinates":[[145.0516688,-37.8838247],[145.0515615,-37.8838102],[145.0484169,-37.8834035],[145.0483106,-37.8833897]]}},{"type":"Feature","id":"24488310","properties":{"osmWayId":"24488310","name":"Craigavad Street","parkingStatus":"unknown"},"geometry":{"type":"LineString","coordinates":[[145.0479109,-37.8841],[145.0480207,-37.8841139],[145.050865,-37.8844703]]}},{"type":"Feature","id":"24488312","properties":{"osmWayId":"24488312","name":"Munster Avenue","parkingStatus":"unknown"},"geometry":{"type":"LineString","coordinates":[[145.0476553,-37.8845544],[145.0477664,-37.8845682],[145.0505042,-37.8849102],[145.0505669,-37.8849136],[145.0506458,-37.8849111],[145.0507292,-37.8849011],[145.050812,-37.8848848],[145.0508578,-37.8848806],[145.0509322,-37.8848806],[145.0510296,-37.8848877],[145.0514571,-37.884944],[145.0518111,-37.8849906],[145.0529523,-37.8851368],[145.0530539,-37.8851498]]}},{"type":"Feature","id":"24488315","properties":{"osmWayId":"24488315","name":"Rosstown Road","parkingStatus":"unknown"},"geometry":{"type":"LineString","coordinates":[[145.0519665,-37.8839455],[145.0524976,-37.8841872],[145.0531773,-37.8844862],[145.0540703,-37.8848906],[145.0546098,-37.8851289],[145.0562437,-37.8858608],[145.056317,-37.8858926],[145.056469,-37.8859537],[145.0565285,-37.8859786],[145.0566845,-37.8860503],[145.0568759,-37.8861382],[145.05715,-37.8862722],[145.0574547,-37.8864253],[145.0574934,-37.8864446],[145.0575554,-37.8864723],[145.057578,-37.8864824]]}},{"type":"Feature","id":"24488317","properties":{"osmWayId":"24488317","name":"Mile End Road","parkingStatus":"unknown"},"geometry":{"type":"LineString","coordinates":[[145.0531773,-37.8844862],[145.0531612,-37.8845727],[145.0530539,-37.8851498],[145.0529089,-37.8859268],[145.0528409,-37.8862857],[145.052791,-37.8865553],[145.0527962,-37.8866222]]}},{"type":"Feature","id":"24488324","properties":{"osmWayId":"24488324","name":"Holywood Grove","parkingStatus":"unknown"},"geometry":{"type":"LineString","coordinates":[[145.0529089,-37.8859268],[145.052806,-37.8859132],[145.0524225,-37.8858628],[145.0509218,-37.8856757],[145.0508763,-37.8856741],[145.0508234,-37.8856818],[145.0507622,-37.8856989],[145.0507121,-37.8857115],[145.0506657,-37.8857176],[145.0506195,-37.8857172],[145.047349,-37.8853096],[145.0473157,-37.8853054],[145.0472396,-37.8852959]]}},{"type":"Feature","id":"24488328","properties":{"osmWayId":"24488328","name":"Seymour Avenue","parkingStatus":"unknown"},"geometry":{"type":"LineString","coordinates":[[145.0507121,-37.8857115],[145.0506971,-37.885792],[145.0506591,-37.8859965],[145.0506345,-37.8861045],[145.0506187,-37.8861738],[145.0505845,-37.8863418],[145.0505186,-37.8866916],[145.0504542,-37.8870377],[145.0503859,-37.8873964],[145.0503258,-37.8877014],[145.0503093,-37.8877854]]}},{"type":"Feature","id":"24488329","properties":{"osmWayId":"24488329","name":"Buckley Street","parkingStatus":"unknown"},"geometry":{"type":"LineString","coordinates":[[145.0505845,-37.8863418],[145.0506424,-37.8863492],[145.0522989,-37.8865607],[145.052678,-37.8866095],[145.0527287,-37.886616],[145.0527962,-37.8866222]]}},{"type":"Feature","id":"24488330","properties":{"osmWayId":"24488330","name":"Edgewood Street","parkingStatus":"unknown"},"geometry":{"type":"LineString","coordinates":[[145.0504542,-37.8870377],[145.0505122,-37.8870451],[145.0525471,-37.8873027],[145.0526498,-37.8873163]]}},{"type":"Feature","id":"24488338","properties":{"osmWayId":"24488338","name":"Byron Street","parkingStatus":"unknown"},"geometry":{"type":"LineString","coordinates":[[145.0476621,-37.8874546],[145.0476776,-37.8873736],[145.0477739,-37.886867],[145.0479783,-37.8857913]]}},{"type":"Feature","id":"24488339","properties":{"osmWayId":"24488339","name":"Milton Street","parkingStatus":"unknown"},"geometry":{"type":"LineString","coordinates":[[145.0490626,-37.8876294],[145.0490785,-37.8875464],[145.0491761,-37.887037],[145.049381,-37.8859721]]}},{"type":"Feature","id":"24488348","properties":{"osmWayId":"24488348","name":"Unnamed road","parkingStatus":"unknown"},"geometry":{"type":"LineString","coordinates":[[145.0528409,-37.8862857],[145.052939,-37.8863143],[145.0530361,-37.8863426]]}},{"type":"Feature","id":"24488352","properties":{"osmWayId":"24488352","name":"Toolambool Road","parkingStatus":"unknown"},"geometry":{"type":"LineString","coordinates":[[145.0539754,-37.8879065],[145.0540451,-37.8875758],[145.0540862,-37.8874098],[145.054126,-37.8872609],[145.0541725,-37.8871244],[145.0542261,-37.8870036],[145.0542838,-37.8869007],[145.0543612,-37.8867851],[145.0544479,-37.886683],[145.0545595,-37.8865684],[145.0546898,-37.8864575],[145.0548051,-37.8863777],[145.0549102,-37.886314],[145.0549496,-37.886293],[145.054991,-37.8862709],[145.055034,-37.8862503],[145.0551533,-37.8861933],[145.0553416,-37.8861276],[145.0555319,-37.8860734],[145.0556891,-37.8860376],[145.0558964,-37.8860122],[145.0561017,-37.8860004],[145.0561511,-37.8859922]]}},{"type":"Feature","id":"24488355","properties":{"osmWayId":"24488355","name":"Kokaribb Road","parkingStatus":"unknown"},"geometry":{"type":"LineString","coordinates":[[145.0559183,-37.8885286],[145.0559498,-37.888363],[145.0559755,-37.8882143],[145.0559968,-37.8881052],[145.0560363,-37.8879104],[145.0561026,-37.8875382],[145.0562001,-37.8870226],[145.0562147,-37.886944],[145.0563359,-37.8863074]]}},{"type":"Feature","id":"24488413","properties":{"osmWayId":"24488413","name":"Wanalta Road","parkingStatus":"unknown"},"geometry":{"type":"LineString","coordinates":[[145.0463273,-37.8899143],[145.0463301,-37.8899003],[145.0463386,-37.8898596],[145.0463441,-37.8898331],[145.0468226,-37.8874364],[145.0468397,-37.8873521]]}},{"type":"Feature","id":"24488415","properties":{"osmWayId":"24488415","name":"Maroona Road","parkingStatus":"unknown"},"geometry":{"type":"LineString","coordinates":[[145.0475637,-37.8900625],[145.0475664,-37.8900485],[145.0475789,-37.8899881],[145.0475867,-37.8899497],[145.0480492,-37.8875874],[145.0480663,-37.8875067]]}},{"type":"Feature","id":"24488420","properties":{"osmWayId":"24488420","name":"Yendon Road","parkingStatus":"unknown"},"geometry":{"type":"LineString","coordinates":[[145.049293,-37.8876585],[145.0492768,-37.8877421],[145.0488132,-37.8901335],[145.0488008,-37.8901977],[145.048798,-37.8902121]]}},{"type":"Feature","id":"24488421","properties":{"osmWayId":"24488421","name":"St Huberts Road","parkingStatus":"unknown"},"geometry":{"type":"LineString","coordinates":[[145.0509318,-37.8878632],[145.0509156,-37.8879475],[145.0504581,-37.8903307],[145.0504454,-37.890397],[145.0504426,-37.8904114]]}},{"type":"Feature","id":"24488422","properties":{"osmWayId":"24488422","name":"Mimosa Road","parkingStatus":"unknown"},"geometry":{"type":"LineString","coordinates":[[145.0524749,-37.8882176],[145.0520627,-37.8903633]]}},{"type":"Feature","id":"24488427","properties":{"osmWayId":"24488427","name":"Kokaribb Road","parkingStatus":"unknown"},"geometry":{"type":"LineString","coordinates":[[145.0557823,-37.88879],[145.0557797,-37.8888066],[145.0557692,-37.8888748],[145.0556958,-37.8892865],[145.0557409,-37.8894066],[145.0558137,-37.8894738],[145.0556637,-37.8904565]]}},{"type":"Feature","id":"24488433","properties":{"osmWayId":"24488433","name":"Watson Grove","parkingStatus":"unknown"},"geometry":{"type":"LineString","coordinates":[[145.0430872,-37.8871809],[145.0430991,-37.8871849],[145.0431096,-37.8871898],[145.0431208,-37.8871967],[145.043126,-37.8872009],[145.0431315,-37.8872063],[145.0431403,-37.8872151],[145.0431487,-37.8872255],[145.043185,-37.887278],[145.0433768,-37.8875643],[145.0436846,-37.8880208],[145.0441717,-37.8887425],[145.0444986,-37.8892366],[145.0445623,-37.8893282],[145.0445937,-37.8893723],[145.0446113,-37.8893955],[145.0446289,-37.8894143],[145.0446483,-37.8894337],[145.0447005,-37.8894746],[145.0447231,-37.8894904],[145.0447604,-37.8895127],[145.0448346,-37.8895539]]}},{"type":"Feature","id":"24488436","properties":{"osmWayId":"24488436","name":"Huntly Street","parkingStatus":"unknown"},"geometry":{"type":"LineString","coordinates":[[145.0441717,-37.8887425],[145.0440546,-37.8887497],[145.044019,-37.8887511],[145.043976,-37.8887489],[145.0431532,-37.8886531],[145.0430746,-37.8886442],[145.0426372,-37.8885919],[145.042585,-37.8885857]]}},{"type":"Feature","id":"24488440","properties":{"osmWayId":"24488440","name":"Hinton Road","parkingStatus":"unknown"},"geometry":{"type":"LineString","coordinates":[[145.0436846,-37.8880208],[145.0437868,-37.8879776],[145.0440618,-37.8878675],[145.0442135,-37.8878498],[145.0451308,-37.8879786],[145.0452341,-37.8880006],[145.0455423,-37.8881056],[145.0455708,-37.8881152],[145.0456387,-37.888138]]}},{"type":"Feature","id":"24488483","properties":{"osmWayId":"24488483","name":"Rosedale Avenue","parkingStatus":"unknown"},"geometry":{"type":"LineString","coordinates":[[145.042364,-37.8905763],[145.0424767,-37.8905902],[145.0430596,-37.890662],[145.0444702,-37.8908324],[145.0445521,-37.8908302],[145.04505,-37.8907094],[145.0450871,-37.8906998],[145.0451519,-37.890683]]}},{"type":"Feature","id":"24488484","properties":{"osmWayId":"24488484","name":"Waratah Avenue","parkingStatus":"unknown"},"geometry":{"type":"LineString","coordinates":[[145.0420625,-37.8916817],[145.0421423,-37.8916914],[145.0428508,-37.8917774],[145.0448854,-37.8920203],[145.0454745,-37.8918974],[145.0455123,-37.8918893],[145.0455759,-37.8918756]]}},{"type":"Feature","id":"24488486","properties":{"osmWayId":"24488486","name":"Garden Avenue","parkingStatus":"unknown"},"geometry":{"type":"LineString","coordinates":[[145.0418413,-37.8928837],[145.0419157,-37.8928925],[145.0426316,-37.8929776],[145.0451379,-37.8932738],[145.0457642,-37.8933437]]}},{"type":"Feature","id":"24488488","properties":{"osmWayId":"24488488","name":"Wattle Avenue","parkingStatus":"unknown"},"geometry":{"type":"LineString","coordinates":[[145.0415987,-37.8941688],[145.0416401,-37.8941736],[145.0416732,-37.8941775],[145.0423861,-37.8942611],[145.0448832,-37.8945597],[145.0457497,-37.89466],[145.045781,-37.8946636],[145.0458455,-37.8946833]]}},{"type":"Feature","id":"24488489","properties":{"osmWayId":"24488489","name":"Park Avenue","parkingStatus":"unknown"},"geometry":{"type":"LineString","coordinates":[[145.0413501,-37.8954604],[145.0414292,-37.8954703],[145.0421404,-37.8955592],[145.0446422,-37.8958456],[145.0454913,-37.8959455],[145.0455908,-37.8959577]]}},{"type":"Feature","id":"24488490","properties":{"osmWayId":"24488490","name":"Mackay Avenue","parkingStatus":"unknown"},"geometry":{"type":"LineString","coordinates":[[145.0411834,-37.8967595],[145.0412633,-37.8967681],[145.0419048,-37.8968515],[145.0421724,-37.8968826],[145.0423409,-37.8969022],[145.0425916,-37.8969314],[145.0429914,-37.8969779],[145.043425,-37.8970284],[145.0436926,-37.8970595],[145.0438549,-37.8970784],[145.0442631,-37.8971259],[145.0443249,-37.8971331],[145.0443961,-37.8971414],[145.0444446,-37.8971472],[145.0446135,-37.8971672],[145.0446235,-37.8971684],[145.0446451,-37.8971709],[145.0446639,-37.8971732],[145.0448242,-37.8971922],[145.0448663,-37.8971972],[145.0449401,-37.8972025],[145.0452305,-37.8972359],[145.0453344,-37.8972485]]}},{"type":"Feature","id":"24488515","properties":{"osmWayId":"24488515","name":"Munro Avenue","parkingStatus":"unknown"},"geometry":{"type":"LineString","coordinates":[[145.0560622,-37.8944734],[145.0559943,-37.8944667],[145.0559586,-37.8944632],[145.0555957,-37.8944213],[145.0555079,-37.8944148],[145.054887,-37.8943416],[145.0544638,-37.894291],[145.0543433,-37.8942765],[145.0542459,-37.8942596],[145.0541327,-37.8942408],[145.053897,-37.8942131],[145.0537127,-37.8941916],[145.0534338,-37.8941591],[145.0530941,-37.8941182],[145.0525305,-37.8940487],[145.0520619,-37.8939946],[145.0518787,-37.8939717],[145.0514822,-37.8939221],[145.0514197,-37.8939151],[145.051371,-37.8939097],[145.0513208,-37.8939013],[145.0512711,-37.893893],[145.0502345,-37.8937728],[145.0492446,-37.8936529],[145.0491241,-37.8936302]]}},{"type":"Feature","id":"24488518","properties":{"osmWayId":"24488518","name":"Elizabeth Crescent","parkingStatus":"unknown"},"geometry":{"type":"LineString","coordinates":[[145.0485223,-37.8918977],[145.0485113,-37.8919615],[145.048474,-37.8921773],[145.0484526,-37.892268],[145.0484262,-37.8923557],[145.0483964,-37.892421],[145.0483573,-37.8924821],[145.0483105,-37.8925386],[145.0482598,-37.892592],[145.0482199,-37.8926277],[145.048077,-37.8927215],[145.0480232,-37.8927566],[145.0479842,-37.8927801],[145.0479435,-37.8927916],[145.0478825,-37.8927982],[145.0476527,-37.8927876],[145.0471352,-37.8927694]]}},{"type":"Feature","id":"24488519","properties":{"osmWayId":"24488519","name":"Parton Court","parkingStatus":"unknown"},"geometry":{"type":"LineString","coordinates":[[145.0452484,-37.8909522],[145.0453189,-37.8909424],[145.0453525,-37.8909377],[145.0456747,-37.8908948],[145.0457138,-37.8908946],[145.0457581,-37.8908978],[145.0458006,-37.8909028],[145.0461049,-37.8909405],[145.0461455,-37.8909421],[145.0461891,-37.8909394],[145.0462416,-37.8909336],[145.0465977,-37.8908779],[145.0466405,-37.8908727],[145.0466893,-37.8908707],[145.0467446,-37.8908731]]}},{"type":"Feature","id":"24488520","properties":{"osmWayId":"24488520","name":"El Nido Grove","parkingStatus":"unknown"},"geometry":{"type":"LineString","coordinates":[[145.0454673,-37.8915622],[145.0455363,-37.8915496],[145.0455425,-37.8915485],[145.0455661,-37.8915461],[145.0456094,-37.8915487],[145.0476182,-37.8917904],[145.0485223,-37.8918977],[145.049361,-37.8920002],[145.0494389,-37.8920097]]}},{"type":"Feature","id":"24488521","properties":{"osmWayId":"24488521","name":"Mernda Avenue","parkingStatus":"unknown"},"geometry":{"type":"LineString","coordinates":[[145.0497608,-37.8903288],[145.0497581,-37.8903449],[145.0497445,-37.8904127],[145.0494389,-37.8920097],[145.0493363,-37.8925171],[145.0492155,-37.8931721],[145.0491415,-37.8935429],[145.0491298,-37.8936016],[145.0491241,-37.8936302]]}},{"type":"Feature","id":"24488522","properties":{"osmWayId":"24488522","name":"Madden Avenue","parkingStatus":"unknown"},"geometry":{"type":"LineString","coordinates":[[145.0502345,-37.8937728],[145.0502406,-37.8937408],[145.0502417,-37.8937353],[145.050858,-37.8905477],[145.0508705,-37.8904802],[145.0508735,-37.8904654]]}},{"type":"Feature","id":"24488525","properties":{"osmWayId":"24488525","name":"Railway Road","parkingStatus":"unknown"},"geometry":{"type":"LineString","coordinates":[[145.053251,-37.8881551],[145.0532354,-37.8882379],[145.0531443,-37.8886893],[145.052786,-37.8906169],[145.0527707,-37.8906791],[145.0527659,-37.8906931],[145.0527606,-37.8907083],[145.0527466,-37.8907758],[145.0527048,-37.8910175],[145.0526908,-37.8911148],[145.0526797,-37.8912185],[145.0526661,-37.8913802],[145.0526627,-37.8915309],[145.0526716,-37.8917388],[145.0526916,-37.8919425],[145.0527268,-37.8921558],[145.0527756,-37.8923514],[145.0528092,-37.8924684],[145.0528587,-37.8926117],[145.052887,-37.8926831],[145.0529393,-37.8928151],[145.0530369,-37.8930212],[145.0531303,-37.8931874],[145.0532615,-37.8933924],[145.0533733,-37.8935433],[145.0535511,-37.8937575],[145.0538685,-37.894134],[145.0538878,-37.8941572],[145.0538952,-37.8941686],[145.0538969,-37.8941756],[145.0538969,-37.8941826],[145.053897,-37.8942131]]}},{"type":"Feature","id":"24488535","properties":{"osmWayId":"24488535","name":"Lake Street","parkingStatus":"unknown"},"geometry":{"type":"LineString","coordinates":[[145.0480895,-37.890129],[145.0480868,-37.890143],[145.0480743,-37.8902073],[145.0479521,-37.8908613],[145.0479394,-37.8909132],[145.0479301,-37.8909404],[145.0479201,-37.8909608],[145.0478993,-37.8909832],[145.0478411,-37.8910168],[145.047798,-37.8910508],[145.0477709,-37.8910794],[145.0477568,-37.8911056],[145.0477414,-37.8911523],[145.0476297,-37.8917307],[145.0476182,-37.8917904]]}},{"type":"Feature","id":"24488537","properties":{"osmWayId":"24488537","name":"Matthew Street","parkingStatus":"unknown"},"geometry":{"type":"LineString","coordinates":[[145.0477709,-37.8910794],[145.0478926,-37.8910957],[145.0484093,-37.8911646],[145.0484469,-37.8911636],[145.0485451,-37.8911584],[145.0486058,-37.8911618],[145.0488918,-37.8911995]]}},{"type":"Feature","id":"24488539","properties":{"osmWayId":"24488539","name":"Lyons Street","parkingStatus":"unknown"},"geometry":{"type":"LineString","coordinates":[[145.0458455,-37.8946833],[145.0459099,-37.8947012],[145.0459433,-37.8947062],[145.0474513,-37.894885],[145.0508901,-37.8952837],[145.0509609,-37.8952919],[145.051042,-37.8953017],[145.0516296,-37.8953754],[145.0522882,-37.8954531],[145.0550507,-37.8957672],[145.0555506,-37.8958235]]}},{"type":"Feature","id":"24488543","properties":{"osmWayId":"24488543","name":"Neville Street","parkingStatus":"unknown"},"geometry":{"type":"LineString","coordinates":[[145.0456902,-37.8970875],[145.0485722,-37.8974455],[145.0505159,-37.897687]]}},{"type":"Feature","id":"24488552","properties":{"osmWayId":"24488552","name":"Kooringa Road","parkingStatus":"unknown"},"geometry":{"type":"LineString","coordinates":[[145.0480947,-37.9009231],[145.0481012,-37.9008904],[145.0481106,-37.9008427],[145.0483377,-37.8996937],[145.0485373,-37.8986803],[145.0485468,-37.8986322],[145.0485543,-37.898594]]}},{"type":"Feature","id":"24488553","properties":{"osmWayId":"24488553","name":"Kingsley Parade","parkingStatus":"unknown"},"geometry":{"type":"LineString","coordinates":[[145.0483377,-37.8996937],[145.0482621,-37.8996846],[145.0465748,-37.8994803],[145.0450342,-37.8992962],[145.0449977,-37.8992914],[145.0449302,-37.8992825]]}},{"type":"Feature","id":"24488555","properties":{"osmWayId":"24488555","name":"Melton Avenue","parkingStatus":"unknown"},"geometry":{"type":"LineString","coordinates":[[145.049395,-37.9010802],[145.0494023,-37.9010432],[145.049411,-37.9009993],[145.0498403,-37.8988366],[145.0498497,-37.8987895],[145.0498573,-37.8987512]]}},{"type":"Feature","id":"24488557","properties":{"osmWayId":"24488557","name":"Albert Road","parkingStatus":"unknown"},"geometry":{"type":"LineString","coordinates":[[145.0511071,-37.8989019],[145.0510998,-37.8989386],[145.0510903,-37.8989866],[145.0506616,-37.9011508],[145.0506526,-37.9011961],[145.0506455,-37.9012317]]}},{"type":"Feature","id":"24488558","properties":{"osmWayId":"24488558","name":"Newman Avenue","parkingStatus":"unknown"},"geometry":{"type":"LineString","coordinates":[[145.0524576,-37.8990645],[145.0524503,-37.8990998],[145.0524403,-37.8991486],[145.0520233,-37.9013189],[145.0520146,-37.901364],[145.0520075,-37.9014012]]}},{"type":"Feature","id":"24488559","properties":{"osmWayId":"24488559","name":"Rigby Avenue","parkingStatus":"unknown"},"geometry":{"type":"LineString","coordinates":[[145.0535308,-37.9015888],[145.053538,-37.9015519],[145.0535472,-37.9015048],[145.0536216,-37.9011237],[145.0537581,-37.9004268],[145.0537573,-37.9004022],[145.0537487,-37.9003815],[145.0537342,-37.90036],[145.0536456,-37.9002629],[145.0536322,-37.9002438],[145.053625,-37.9002268],[145.0536232,-37.90021],[145.0536246,-37.9001896],[145.0537907,-37.8993106],[145.0537999,-37.8992619],[145.0538067,-37.8992262]]}},{"type":"Feature","id":"24488588","properties":{"osmWayId":"24488588","name":"Miller Street","parkingStatus":"unknown"},"geometry":{"type":"LineString","coordinates":[[145.0454854,-37.8964951],[145.0455844,-37.8965089],[145.0461347,-37.8965741],[145.0461839,-37.896577],[145.0462457,-37.8965765],[145.0463217,-37.8965692],[145.0464211,-37.8965523],[145.0465048,-37.8965279],[145.0466194,-37.8964808],[145.0466987,-37.8964585],[145.0467827,-37.8964416],[145.0468585,-37.8964335],[145.0469154,-37.8964329],[145.0469975,-37.8964388],[145.0505935,-37.8968572],[145.0506311,-37.8968616],[145.0506696,-37.896866],[145.0507073,-37.8968703],[145.0507464,-37.8968748],[145.0540651,-37.8972619],[145.0541365,-37.897273],[145.0541952,-37.8972867],[145.0542479,-37.8973037],[145.0543155,-37.8973315],[145.0543893,-37.8973743],[145.0545577,-37.8974856],[145.0546206,-37.8975198],[145.0546798,-37.8975434],[145.0547511,-37.8975641],[145.054822,-37.8975793],[145.0549003,-37.8975918],[145.0553582,-37.897648],[145.0553928,-37.8976523],[145.0554617,-37.897661]]}},{"type":"Feature","id":"24500781","properties":{"osmWayId":"24500781","name":"Rosanna Street","parkingStatus":"unknown"},"geometry":{"type":"LineString","coordinates":[[145.0556063,-37.8983149],[145.0568203,-37.8984689],[145.0568484,-37.898476],[145.0568643,-37.8984828],[145.0568787,-37.8984919],[145.05689,-37.8985027],[145.056896,-37.8985162],[145.0569014,-37.8985292],[145.0569038,-37.8985523],[145.056892,-37.8986185],[145.0569368,-37.8986246],[145.0569693,-37.898629],[145.0582579,-37.8987935]]}},{"type":"Feature","id":"24500782","properties":{"osmWayId":"24500782","name":"Woornack Road","parkingStatus":"unknown"},"geometry":{"type":"LineString","coordinates":[[145.0645261,-37.8986241],[145.0610612,-37.8982081],[145.055771,-37.8975768]]}},{"type":"Feature","id":"24500787","properties":{"osmWayId":"24500787","name":"Moonya Road","parkingStatus":"unknown"},"geometry":{"type":"LineString","coordinates":[[145.0559767,-37.8963527],[145.0564136,-37.8964049],[145.0568773,-37.8964602],[145.0572282,-37.8965021],[145.0574234,-37.8965254],[145.0576445,-37.8965518],[145.058346,-37.8966356],[145.0610557,-37.8969608]]}},{"type":"Feature","id":"24500973","properties":{"osmWayId":"24500973","name":"Coorigil Road","parkingStatus":"unknown"},"geometry":{"type":"LineString","coordinates":[[145.0650357,-37.8961855],[145.0634711,-37.8959919],[145.0619292,-37.8958132],[145.0615295,-37.8957635],[145.0592854,-37.8954942],[145.057377,-37.8952651],[145.0560486,-37.8951089],[145.0560167,-37.8951052],[145.0559451,-37.8950968]]}},{"type":"Feature","id":"24500975","properties":{"osmWayId":"24500975","name":"Warina Road","parkingStatus":"unknown"},"geometry":{"type":"LineString","coordinates":[[145.0610612,-37.8982081],[145.0610719,-37.8981521],[145.0612829,-37.8970494],[145.0612907,-37.8970086],[145.0612979,-37.8969709],[145.0613059,-37.896929],[145.0615295,-37.8957635]]}},{"type":"Feature","id":"24500977","properties":{"osmWayId":"24500977","name":"Grandview Grove","parkingStatus":"unknown"},"geometry":{"type":"LineString","coordinates":[[145.0562899,-37.8995397],[145.0562826,-37.8995792],[145.0562741,-37.8996249],[145.0560822,-37.900658],[145.0559991,-37.9008718],[145.0558214,-37.9017872],[145.0558038,-37.901878]]}},{"type":"Feature","id":"24500978","properties":{"osmWayId":"24500978","name":"Lascelles Street","parkingStatus":"unknown"},"geometry":{"type":"LineString","coordinates":[[145.058075,-37.8997643],[145.0580826,-37.8997255],[145.0580909,-37.8996836],[145.0582479,-37.8988526],[145.0582579,-37.8987935]]}},{"type":"Feature","id":"24500980","properties":{"osmWayId":"24500980","name":"Walden Grove","parkingStatus":"unknown"},"geometry":{"type":"LineString","coordinates":[[145.05834,-37.8997975],[145.0583327,-37.8998351],[145.0583234,-37.8998827],[145.0582756,-37.9001288],[145.0582449,-37.9003002],[145.0581733,-37.9006887]]}},{"type":"Feature","id":"24500982","properties":{"osmWayId":"24500982","name":"Gilbert Grove","parkingStatus":"unknown"},"geometry":{"type":"LineString","coordinates":[[145.0612994,-37.9001692],[145.0612842,-37.9002529],[145.0612448,-37.9004688],[145.0612204,-37.9005971],[145.0610969,-37.9008898],[145.061043,-37.9012085]]}},{"type":"Feature","id":"24500983","properties":{"osmWayId":"24500983","name":"Coling Avenue","parkingStatus":"unknown"},"geometry":{"type":"LineString","coordinates":[[145.0622714,-37.9002899],[145.0622558,-37.9003758],[145.0619284,-37.9021745],[145.0618621,-37.9025446],[145.0618436,-37.902648]]}},{"type":"Feature","id":"24500984","properties":{"osmWayId":"24500984","name":"Wilmoth Avenue","parkingStatus":"unknown"},"geometry":{"type":"LineString","coordinates":[[145.0629057,-37.902783],[145.062925,-37.9026787],[145.0629941,-37.9023055],[145.0633209,-37.9005113],[145.0633364,-37.9004261]]}},{"type":"Feature","id":"24500991","properties":{"osmWayId":"24500991","name":"Frogmore Road","parkingStatus":"unknown"},"geometry":{"type":"LineString","coordinates":[[145.0656406,-37.8944309],[145.0655274,-37.8944169],[145.0638116,-37.894205],[145.062463,-37.8940457]]}},{"type":"Feature","id":"24500993","properties":{"osmWayId":"24500993","name":"Wahgoo Road","parkingStatus":"unknown"},"geometry":{"type":"LineString","coordinates":[[145.0634711,-37.8959919],[145.0634815,-37.8959385],[145.0635809,-37.8954287],[145.0636496,-37.8951001],[145.0636591,-37.8950457],[145.0636916,-37.8948585],[145.0637999,-37.8942685],[145.0638116,-37.894205]]}},{"type":"Feature","id":"24500995","properties":{"osmWayId":"24500995","name":"Hethersett Grove","parkingStatus":"unknown"},"geometry":{"type":"LineString","coordinates":[[145.0636496,-37.8951001],[145.0637195,-37.8951088],[145.0653567,-37.8953127],[145.0654797,-37.8953266]]}},{"type":"Feature","id":"24501012","properties":{"osmWayId":"24501012","name":"McLaurin Road","parkingStatus":"unknown"},"geometry":{"type":"LineString","coordinates":[[145.0657341,-37.8939073],[145.0656284,-37.8938947],[145.0646002,-37.8937724],[145.0631227,-37.893613],[145.0625985,-37.8935567],[145.0625547,-37.8935522],[145.0604495,-37.893316],[145.0594407,-37.8932015],[145.0584369,-37.893086],[145.0577244,-37.8930135],[145.0574964,-37.8929862],[145.0574691,-37.8929813],[145.0574493,-37.892973]]}},{"type":"Feature","id":"24501043","properties":{"osmWayId":"24501043","name":"Tranmere Avenue","parkingStatus":"unknown"},"geometry":{"type":"LineString","coordinates":[[145.0614693,-37.8878662],[145.0614666,-37.887894],[145.061443,-37.8880207],[145.061147,-37.8896037],[145.0611342,-37.8896748],[145.0611243,-37.8897359],[145.061061,-37.8901244],[145.0607166,-37.8919338],[145.0605345,-37.8928742],[145.0604495,-37.893316]]}},{"type":"Feature","id":"24501046","properties":{"osmWayId":"24501046","name":"Emily Street","parkingStatus":"unknown"},"geometry":{"type":"LineString","coordinates":[[145.0649056,-37.8892929],[145.0649087,-37.8893387],[145.0648527,-37.8896267],[145.0647733,-37.8900221],[145.064758,-37.8900975],[145.064748,-37.8901528],[145.0643485,-37.8923525],[145.0643565,-37.8924044],[145.0644075,-37.8924372],[145.0647504,-37.8924748],[145.0648031,-37.892506],[145.0648205,-37.8925568],[145.0646061,-37.8937399],[145.0646002,-37.8937724]]}},{"type":"Feature","id":"24501048","properties":{"osmWayId":"24501048","name":"Elbena Grove","parkingStatus":"unknown"},"geometry":{"type":"LineString","coordinates":[[145.0643565,-37.8924044],[145.0642837,-37.8924494],[145.0642488,-37.8927458],[145.0641969,-37.8927992],[145.06415,-37.8928108],[145.0632863,-37.8927153]]}},{"type":"Feature","id":"24501049","properties":{"osmWayId":"24501049","name":"Phillips Avenue","parkingStatus":"unknown"},"geometry":{"type":"LineString","coordinates":[[145.0632013,-37.8931752],[145.0617308,-37.8930075],[145.0605345,-37.8928742]]}},{"type":"Feature","id":"24501051","properties":{"osmWayId":"24501051","name":"Elliott Avenue","parkingStatus":"unknown"},"geometry":{"type":"LineString","coordinates":[[145.0594407,-37.8932015],[145.0597122,-37.8918223],[145.0601149,-37.8896169],[145.060125,-37.8895577],[145.0601381,-37.8894873],[145.0604583,-37.8877646],[145.0604694,-37.8877047]]}},{"type":"Feature","id":"24501052","properties":{"osmWayId":"24501052","name":"Belsize Avenue","parkingStatus":"unknown"},"geometry":{"type":"LineString","coordinates":[[145.0594609,-37.8875968],[145.0594515,-37.8876509],[145.059153,-37.889378],[145.0591417,-37.8894436],[145.0591303,-37.8895038],[145.0590553,-37.8898982],[145.0587112,-37.8917095],[145.0584369,-37.893086]]}},{"type":"Feature","id":"24501056","properties":{"osmWayId":"24501056","name":"Porter Road","parkingStatus":"unknown"},"geometry":{"type":"LineString","coordinates":[[145.0577244,-37.8930135],[145.0577178,-37.8930609],[145.0576273,-37.8937062],[145.0576186,-37.8937685],[145.057609,-37.8938367],[145.0576003,-37.893902],[145.0575905,-37.8939776],[145.0575617,-37.8942],[145.0575393,-37.8943795],[145.0575019,-37.8945905],[145.0573868,-37.8952119],[145.057377,-37.8952651]]}},{"type":"Feature","id":"24501057","properties":{"osmWayId":"24501057","name":"Gnarwyn Road","parkingStatus":"unknown"},"geometry":{"type":"LineString","coordinates":[[145.0576186,-37.8937685],[145.0576636,-37.8937739],[145.057695,-37.8937776],[145.060852,-37.8941556],[145.0621372,-37.894309],[145.0622121,-37.8943179]]}},{"type":"Feature","id":"24501061","properties":{"osmWayId":"24501061","name":"The Crossover","parkingStatus":"unknown"},"geometry":{"type":"LineString","coordinates":[[145.057263,-37.8938366],[145.0563092,-37.8937403],[145.0562072,-37.8937312]]}},{"type":"Feature","id":"24501065","properties":{"osmWayId":"24501065","name":"Carool Road","parkingStatus":"unknown"},"geometry":{"type":"LineString","coordinates":[[145.0619292,-37.8958132],[145.0619402,-37.895755],[145.0622121,-37.8943179],[145.0622607,-37.8940828],[145.0622644,-37.8940649],[145.0622816,-37.8940442],[145.0622938,-37.8940346],[145.0623126,-37.8940292],[145.0623416,-37.8940314],[145.062463,-37.8940457],[145.0624748,-37.8939827],[145.0625486,-37.8935887],[145.0625547,-37.8935522]]}},{"type":"Feature","id":"24501068","properties":{"osmWayId":"24501068","name":"Jersey Parade","parkingStatus":"unknown"},"geometry":{"type":"LineString","coordinates":[[145.0614547,-37.88783],[145.0614414,-37.8878196],[145.0614196,-37.8878112],[145.0613905,-37.8878072],[145.0613495,-37.8878018]]}},{"type":"Feature","id":"24501089","properties":{"osmWayId":"24501089","name":"Hewitts Road","parkingStatus":"unknown"},"geometry":{"type":"LineString","coordinates":[[145.0621982,-37.8897927],[145.0622105,-37.8897264],[145.0623748,-37.8888353],[145.0624995,-37.8881163]]}},{"type":"Feature","id":"24661764","properties":{"osmWayId":"24661764","name":"Ardyne Street","parkingStatus":"unknown"},"geometry":{"type":"LineString","coordinates":[[145.0675933,-37.8971954],[145.0677284,-37.8965325],[145.0678915,-37.8956829],[145.0680365,-37.8948615],[145.0681778,-37.8941049],[145.068184,-37.8940719]]}},{"type":"Feature","id":"24661770","properties":{"osmWayId":"24661770","name":"Innellan Road","parkingStatus":"unknown"},"geometry":{"type":"LineString","coordinates":[[145.0657657,-37.8937469],[145.0658637,-37.8937578],[145.0669806,-37.8938827],[145.0680861,-37.8940167],[145.0681324,-37.8940223]]}},{"type":"Feature","id":"24661779","properties":{"osmWayId":"24661779","name":"Dunoon Street","parkingStatus":"unknown"},"geometry":{"type":"LineString","coordinates":[[145.0669806,-37.8938827],[145.0669966,-37.8937968],[145.067566,-37.8907488],[145.0675716,-37.8907191],[145.0675949,-37.890676]]}},{"type":"Feature","id":"24661780","properties":{"osmWayId":"24661780","name":"Toward Street","parkingStatus":"unknown"},"geometry":{"type":"LineString","coordinates":[[145.0694031,-37.8941713],[145.0694203,-37.8940815],[145.0698748,-37.8916171],[145.0698848,-37.8915628]]}},{"type":"Feature","id":"24661782","properties":{"osmWayId":"24661782","name":"Burns Avenue","parkingStatus":"unknown"},"geometry":{"type":"LineString","coordinates":[[145.0678915,-37.8956829],[145.0677759,-37.8956694],[145.0655566,-37.8954099],[145.065464,-37.8953991]]}},{"type":"Feature","id":"24661784","properties":{"osmWayId":"24661784","name":"Thomson Avenue","parkingStatus":"unknown"},"geometry":{"type":"LineString","coordinates":[[145.0677284,-37.8965325],[145.0676134,-37.8965199],[145.0673433,-37.8964862],[145.0670268,-37.8964543],[145.0668616,-37.8964471],[145.0666451,-37.8964498],[145.0662923,-37.8964817],[145.0661589,-37.896483],[145.0653786,-37.8963824],[145.0652748,-37.896369]]}},{"type":"Feature","id":"24661786","properties":{"osmWayId":"24661786","name":"Ariadne Avenue","parkingStatus":"unknown"},"geometry":{"type":"LineString","coordinates":[[145.0656152,-37.89458],[145.0657098,-37.894591],[145.0679301,-37.8948491],[145.0680365,-37.8948615]]}},{"type":"Feature","id":"24661799","properties":{"osmWayId":"24661799","name":"Gerald Street","parkingStatus":"unknown"},"geometry":{"type":"LineString","coordinates":[[145.06912,-37.8976058],[145.0691355,-37.8975252],[145.0693122,-37.8966083],[145.0693293,-37.8965157],[145.0697422,-37.8942862],[145.0697559,-37.894212]]}},{"type":"Feature","id":"24661809","properties":{"osmWayId":"24661809","name":"Erindale Street","parkingStatus":"unknown"},"geometry":{"type":"LineString","coordinates":[[145.0739262,-37.8960583],[145.0738544,-37.8960723],[145.0738213,-37.8960787],[145.0732625,-37.8960148],[145.0730689,-37.8959423],[145.0721514,-37.8958303],[145.070889,-37.895673],[145.0707104,-37.895649],[145.0707001,-37.8956476],[145.070657,-37.8956238]]}},{"type":"Feature","id":"24661811","properties":{"osmWayId":"24661811","name":"Walker Street","parkingStatus":"unknown"},"geometry":{"type":"LineString","coordinates":[[145.0721514,-37.8958303],[145.0721656,-37.8957577],[145.0721905,-37.8956308],[145.0721783,-37.8955864],[145.0718599,-37.8952362],[145.0716811,-37.895033],[145.0714738,-37.8949252],[145.0708608,-37.8948495],[145.0707916,-37.894841]]}},{"type":"Feature","id":"24661897","properties":{"osmWayId":"24661897","name":"First Avenue","parkingStatus":"unknown"},"geometry":{"type":"LineString","coordinates":[[145.0664259,-37.8972758],[145.0664109,-37.8973542],[145.0660171,-37.8994053],[145.0660106,-37.8994412],[145.0660045,-37.8994774]]}},{"type":"Feature","id":"24661898","properties":{"osmWayId":"24661898","name":"Second Avenue","parkingStatus":"unknown"},"geometry":{"type":"LineString","coordinates":[[145.0675881,-37.897634],[145.0672293,-37.8995602],[145.0672226,-37.8995962],[145.0672153,-37.8996355]]}},{"type":"Feature","id":"24661899","properties":{"osmWayId":"24661899","name":"Spark Street","parkingStatus":"unknown"},"geometry":{"type":"LineString","coordinates":[[145.0716931,-37.8998917],[145.0716889,-37.8998531],[145.071688,-37.8998444],[145.0716881,-37.8998148],[145.0716912,-37.8997981],[145.0717005,-37.8997462],[145.0720213,-37.898044],[145.0720347,-37.8979643]]}},{"type":"Feature","id":"24661900","properties":{"osmWayId":"24661900","name":"Katrina Avenue","parkingStatus":"unknown"},"geometry":{"type":"LineString","coordinates":[[145.0704901,-37.8999671],[145.0704979,-37.8999297],[145.0705062,-37.8998902],[145.0706029,-37.899427],[145.0706847,-37.89897],[145.0707875,-37.898429],[145.0708755,-37.8979047],[145.0708804,-37.8978772],[145.0708902,-37.8978226]]}},{"type":"Feature","id":"24661905","properties":{"osmWayId":"24661905","name":"Thaxted Road","parkingStatus":"unknown"},"geometry":{"type":"LineString","coordinates":[[145.0683376,-37.8997765],[145.0683443,-37.8997404],[145.068351,-37.8997046],[145.0687341,-37.8976408],[145.0687488,-37.8975615]]}},{"type":"Feature","id":"24661909","properties":{"osmWayId":"24661909","name":"Marma Road","parkingStatus":"unknown"},"geometry":{"type":"LineString","coordinates":[[145.0689267,-37.902457],[145.0689149,-37.902424],[145.0689097,-37.9024073],[145.0689099,-37.9023951],[145.0689821,-37.9020136],[145.0692149,-37.900748]]}},{"type":"Feature","id":"24661910","properties":{"osmWayId":"24661910","name":"Lindsay Avenue","parkingStatus":"unknown"},"geometry":{"type":"LineString","coordinates":[[145.0692149,-37.900748],[145.0691388,-37.900739],[145.0685052,-37.9006638],[145.0684457,-37.9006581],[145.0683801,-37.9006573],[145.0682776,-37.9006582],[145.0682206,-37.900655],[145.0646666,-37.9001948],[145.0646353,-37.9001908],[145.0645584,-37.9001808]]}},{"type":"Feature","id":"24661930","properties":{"osmWayId":"24661930","name":"Swan Road","parkingStatus":"unknown"},"geometry":{"type":"LineString","coordinates":[[145.0707571,-37.8999656],[145.0707497,-37.900003],[145.0707418,-37.9000429],[145.07033,-37.9021245],[145.0703303,-37.9021455],[145.0703335,-37.9021524],[145.0703483,-37.9021845]]}},{"type":"Feature","id":"25313900","properties":{"osmWayId":"25313900","name":"Dandenong Road","parkingStatus":"unknown"},"geometry":{"type":"LineString","coordinates":[[145.0676615,-37.8845553],[145.0677191,-37.8844882],[145.0677513,-37.8844697],[145.0677936,-37.8844546],[145.0678479,-37.884448],[145.0680799,-37.8844411],[145.0683039,-37.8844376],[145.0692876,-37.8844224],[145.0694522,-37.8844198],[145.0700212,-37.8844051],[145.0702793,-37.8844083],[145.0704081,-37.8844109],[145.0705569,-37.8844199],[145.0706475,-37.8844282]]}},{"type":"Feature","id":"25313901","properties":{"osmWayId":"25313901","name":"Dandenong Road","parkingStatus":"unknown"},"geometry":{"type":"LineString","coordinates":[[145.0694505,-37.8845284],[145.0694505,-37.884674]]}},{"type":"Feature","id":"25313902","properties":{"osmWayId":"25313902","name":"Dandenong Road","parkingStatus":"unknown"},"geometry":{"type":"LineString","coordinates":[[145.0694522,-37.8844198],[145.0694505,-37.8845284]]}},{"type":"Feature","id":"25757473","properties":{"osmWayId":"25757473","name":"Judd Street","parkingStatus":"unknown"},"geometry":{"type":"LineString","coordinates":[[145.056892,-37.8986185],[145.0567215,-37.8995135],[145.0567135,-37.8995539],[145.0567061,-37.8995914]]}},{"type":"Feature","id":"25757478","properties":{"osmWayId":"25757478","name":"Koornang Road","parkingStatus":"unknown"},"geometry":{"type":"LineString","coordinates":[[145.0553399,-37.8983041],[145.0552154,-37.8989719]]}},{"type":"Feature","id":"25757491","properties":{"osmWayId":"25757491","name":"Oakleigh Road","parkingStatus":"unknown"},"geometry":{"type":"LineString","coordinates":[[145.058075,-37.8997643],[145.05834,-37.8997975],[145.0586166,-37.8998321],[145.0590201,-37.8998825],[145.0603459,-37.9000488],[145.0609841,-37.9001294],[145.0612994,-37.9001692],[145.0622714,-37.9002899],[145.0633364,-37.9004261],[145.0638856,-37.9004932],[145.0641611,-37.9005299]]}},{"type":"Feature","id":"25757597","properties":{"osmWayId":"25757597","name":"Glen Huntly Road","parkingStatus":"unknown"},"geometry":{"type":"LineString","coordinates":[[145.0441073,-37.8896462],[145.0446307,-37.8897077],[145.0446673,-37.8897122],[145.0448151,-37.889732]]}},{"type":"Feature","id":"25757863","properties":{"osmWayId":"25757863","name":"Grange Road","parkingStatus":"unknown"},"geometry":{"type":"LineString","coordinates":[[145.0448151,-37.889732],[145.0448219,-37.8897484],[145.0448282,-37.8897662],[145.0448452,-37.8898145],[145.0448545,-37.8898425],[145.0449583,-37.8901374]]}},{"type":"Feature","id":"25757867","properties":{"osmWayId":"25757867","name":"Grange Road","parkingStatus":"unknown"},"geometry":{"type":"LineString","coordinates":[[145.0493485,-37.8815446],[145.0493719,-37.8814268],[145.049396,-37.8813786]]}},{"type":"Feature","id":"25757870","properties":{"osmWayId":"25757870","name":"Grange Road","parkingStatus":"unknown"},"geometry":{"type":"LineString","coordinates":[[145.0496169,-37.8811368],[145.0496055,-37.8811625],[145.049582,-37.88121],[145.0495646,-37.8812401],[145.0494894,-37.881371]]}},{"type":"Feature","id":"25757878","properties":{"osmWayId":"25757878","name":"Grange Road","parkingStatus":"unknown"},"geometry":{"type":"LineString","coordinates":[[145.049396,-37.8813786],[145.0494939,-37.8812083],[145.0495038,-37.8811946],[145.0495159,-37.8811794],[145.0495244,-37.8811702],[145.0495338,-37.8811621],[145.0495429,-37.881155],[145.0495566,-37.8811478],[145.0495628,-37.8811447],[145.0495791,-37.8811392],[145.0495974,-37.8811348],[145.0496132,-37.8811322]]}},{"type":"Feature","id":"25757890","properties":{"osmWayId":"25757890","name":"Burke Road","parkingStatus":"unknown"},"geometry":{"type":"LineString","coordinates":[[145.0475244,-37.8780307],[145.0475671,-37.878022],[145.0475868,-37.8780173],[145.0476024,-37.8780111],[145.0476154,-37.8780044],[145.0476311,-37.8779926],[145.0476507,-37.8779768],[145.0476733,-37.8779543],[145.0476916,-37.877936],[145.0477101,-37.8779149],[145.0477231,-37.8778965],[145.047769,-37.8778207]]}},{"type":"Feature","id":"27925731","properties":{"osmWayId":"27925731","name":"Dudley Street","parkingStatus":"unknown"},"geometry":{"type":"LineString","coordinates":[[145.0490262,-37.8803346],[145.0489508,-37.8803582],[145.0489371,-37.880362],[145.0489276,-37.8803637],[145.0489085,-37.8803648],[145.0481995,-37.8802804],[145.0481305,-37.880272],[145.0480265,-37.8802606]]}},{"type":"Feature","id":"28102907","properties":{"osmWayId":"28102907","name":"Arawatta Street","parkingStatus":"unknown"},"geometry":{"type":"LineString","coordinates":[[145.0578245,-37.88519],[145.0579278,-37.8852069],[145.0583347,-37.8852594],[145.0584098,-37.8852701],[145.0590099,-37.8853559],[145.0591144,-37.8853721]]}},{"type":"Feature","id":"28102908","properties":{"osmWayId":"28102908","name":"Woorayl Street","parkingStatus":"unknown"},"geometry":{"type":"LineString","coordinates":[[145.0580464,-37.8856094],[145.0584488,-37.8857898],[145.0585714,-37.8858453],[145.0587465,-37.8859245],[145.0593721,-37.8862083],[145.0594358,-37.8862516],[145.0594774,-37.8862974],[145.0595217,-37.8863827],[145.0595672,-37.8864368],[145.0596365,-37.8864793],[145.0597,-37.8865109],[145.0597719,-37.8865434],[145.059989,-37.8866302],[145.0601252,-37.8866652],[145.0602398,-37.8866842],[145.0605355,-37.8867156]]}},{"type":"Feature","id":"28102909","properties":{"osmWayId":"28102909","name":"Chestnut Street","parkingStatus":"unknown"},"geometry":{"type":"LineString","coordinates":[[145.0605355,-37.8867156],[145.0605492,-37.8866425],[145.0609203,-37.884663],[145.0609365,-37.8845776],[145.0609566,-37.8844734]]}},{"type":"Feature","id":"28102910","properties":{"osmWayId":"28102910","name":"Blackwood Street","parkingStatus":"unknown"},"geometry":{"type":"LineString","coordinates":[[145.0605355,-37.8867156],[145.0618068,-37.8868595],[145.0630854,-37.8870072]]}},{"type":"Feature","id":"28102912","properties":{"osmWayId":"28102912","name":"Walnut Street","parkingStatus":"unknown"},"geometry":{"type":"LineString","coordinates":[[145.0618068,-37.8868595],[145.0618201,-37.886789],[145.0621847,-37.8848512],[145.0622013,-37.8847628]]}},{"type":"Feature","id":"28102914","properties":{"osmWayId":"28102914","name":"Poplar Grove","parkingStatus":"unknown"},"geometry":{"type":"LineString","coordinates":[[145.0631537,-37.8869618],[145.0631579,-37.8869393],[145.0635199,-37.8849785],[145.0635356,-37.8848936]]}},{"type":"Feature","id":"28102916","properties":{"osmWayId":"28102916","name":"Acacia Street","parkingStatus":"unknown"},"geometry":{"type":"LineString","coordinates":[[145.0644659,-37.8871544],[145.0644788,-37.8870871],[145.0646831,-37.8860194],[145.0647632,-37.8855997],[145.0648805,-37.8849535],[145.0648919,-37.8848722]]}},{"type":"Feature","id":"28102918","properties":{"osmWayId":"28102918","name":"Anzac Street","parkingStatus":"unknown"},"geometry":{"type":"LineString","coordinates":[[145.0646831,-37.8860194],[145.0647589,-37.8860283],[145.0651923,-37.8860795],[145.0653142,-37.8860937],[145.0659498,-37.8861638],[145.0662731,-37.8862017],[145.0664333,-37.8862204],[145.0666161,-37.8862418],[145.0670508,-37.8862905],[145.0671646,-37.8863033]]}},{"type":"Feature","id":"28102922","properties":{"osmWayId":"28102922","name":"Oakdene Crescent","parkingStatus":"unknown"},"geometry":{"type":"LineString","coordinates":[[145.0631473,-37.8870671],[145.0631433,-37.8870915],[145.0629795,-37.8879921],[145.0629871,-37.8880258],[145.0630187,-37.888058],[145.0630656,-37.8880748],[145.0646134,-37.8882618],[145.0655127,-37.8886731],[145.0660375,-37.8887336],[145.0666845,-37.8888151]]}},{"type":"Feature","id":"28102925","properties":{"osmWayId":"28102925","name":"Egan Street","parkingStatus":"unknown"},"geometry":{"type":"LineString","coordinates":[[145.0560126,-37.8848938],[145.0563299,-37.8850379],[145.0565481,-37.8851357],[145.0571499,-37.885403],[145.0573652,-37.8854973],[145.0574691,-37.885517],[145.0576595,-37.8855308],[145.0577581,-37.8855403]]}},{"type":"Feature","id":"28102927","properties":{"osmWayId":"28102927","name":"Mimosa Road","parkingStatus":"unknown"},"geometry":{"type":"LineString","coordinates":[[145.0546098,-37.8851289],[145.0545089,-37.8851769],[145.054281,-37.8852853],[145.0541361,-37.8853626],[145.0539665,-37.8854606],[145.0538138,-37.8855613],[145.0536637,-37.8856727],[145.0535274,-37.8857855],[145.0533915,-37.8859089],[145.0532818,-37.8860254],[145.0531754,-37.8861526],[145.0530361,-37.8863426],[145.0528785,-37.8866106],[145.0528677,-37.8866193],[145.0528446,-37.8866228],[145.0528216,-37.8866233],[145.0527962,-37.8866222],[145.0527858,-37.8866938],[145.0526498,-37.8873163],[145.0525813,-37.8876777],[145.0525235,-37.8879821],[145.0525082,-37.8880624]]}},{"type":"Feature","id":"28102933","properties":{"osmWayId":"28102933","name":"Girdwood Avenue","parkingStatus":"unknown"},"geometry":{"type":"LineString","coordinates":[[145.0491336,-37.8819214],[145.0491951,-37.8819587],[145.0492208,-37.8819742],[145.0501166,-37.8824827],[145.0512118,-37.8830722],[145.0516711,-37.8832981]]}},{"type":"Feature","id":"28102961","properties":{"osmWayId":"28102961","name":"Lorne Street","parkingStatus":"unknown"},"geometry":{"type":"LineString","coordinates":[[145.046636,-37.88044],[145.0466986,-37.880457],[145.0468079,-37.8805201],[145.0473525,-37.8808872],[145.0480404,-37.8812989]]}},{"type":"Feature","id":"28133433","properties":{"osmWayId":"28133433","name":"Weeroona Road","parkingStatus":"unknown"},"geometry":{"type":"LineString","coordinates":[[145.0719581,-37.8850694],[145.0719425,-37.8851605],[145.0718744,-37.8855444],[145.0718698,-37.8855704],[145.0717495,-37.886253],[145.0716906,-37.8865871],[145.0716468,-37.8868203],[145.0715502,-37.8873337],[145.0714606,-37.8878104],[145.0713322,-37.8884346],[145.0713211,-37.888495]]}},{"type":"Feature","id":"28133435","properties":{"osmWayId":"28133435","name":"Hobart Road","parkingStatus":"unknown"},"geometry":{"type":"LineString","coordinates":[[145.0704154,-37.8850812],[145.070355,-37.8854048],[145.0702407,-37.8860197],[145.0701897,-37.8862729],[145.0700779,-37.8868317],[145.0700253,-37.887111],[145.0699939,-37.8872776],[145.0699646,-37.8874323],[145.0699201,-37.8876486],[145.0698576,-37.8879896],[145.0697996,-37.8883099],[145.0697698,-37.8884643]]}},{"type":"Feature","id":"28133440","properties":{"osmWayId":"28133440","name":"Wahroongaa Road","parkingStatus":"unknown"},"geometry":{"type":"LineString","coordinates":[[145.0697996,-37.8883099],[145.0698832,-37.8883204],[145.0713211,-37.888495],[145.0733085,-37.8887374]]}},{"type":"Feature","id":"28133443","properties":{"osmWayId":"28133443","name":"Looker Street","parkingStatus":"unknown"},"geometry":{"type":"LineString","coordinates":[[145.0697215,-37.8887183],[145.069802,-37.88873],[145.0707895,-37.8888525]]}},{"type":"Feature","id":"28133446","properties":{"osmWayId":"28133446","name":"Omama Road","parkingStatus":"unknown"},"geometry":{"type":"LineString","coordinates":[[145.0695524,-37.8896243],[145.0696307,-37.8896341],[145.0713844,-37.8898528],[145.0714555,-37.8898602],[145.0724669,-37.8899808],[145.0727635,-37.8900162],[145.0731828,-37.8900708],[145.073537,-37.8901107],[145.0737242,-37.8901318],[145.0740371,-37.8901671]]}},{"type":"Feature","id":"28133449","properties":{"osmWayId":"28133449","name":"Joyous Gard Court","parkingStatus":"unknown"},"geometry":{"type":"LineString","coordinates":[[145.0715883,-37.8891542],[145.071468,-37.8897939],[145.0714555,-37.8898602]]}},{"type":"Feature","id":"28133467","properties":{"osmWayId":"28133467","name":"Tuckett Street","parkingStatus":"unknown"},"geometry":{"type":"LineString","coordinates":[[145.0713844,-37.8898528],[145.0713743,-37.8899058],[145.071195,-37.8908458],[145.0711739,-37.890926]]}},{"type":"Feature","id":"28133472","properties":{"osmWayId":"28133472","name":"Wahroongaa Crescent","parkingStatus":"unknown"},"geometry":{"type":"LineString","coordinates":[[145.0714606,-37.8878104],[145.0715273,-37.8878157],[145.0719195,-37.8878471],[145.0722776,-37.8878323],[145.0724424,-37.8878132],[145.0726437,-37.8877899],[145.0728079,-37.8877476],[145.0731855,-37.8876502]]}},{"type":"Feature","id":"28133473","properties":{"osmWayId":"28133473","name":"Nangana Road","parkingStatus":"unknown"},"geometry":{"type":"LineString","coordinates":[[145.0716906,-37.8865871],[145.0717569,-37.8865918],[145.0721448,-37.8866193],[145.0724533,-37.8866162],[145.0728874,-37.8865595],[145.0728978,-37.8865581]]}},{"type":"Feature","id":"28133474","properties":{"osmWayId":"28133474","name":"Adelaide Street","parkingStatus":"unknown"},"geometry":{"type":"LineString","coordinates":[[145.0699201,-37.8876486],[145.0698542,-37.8876407],[145.067263,-37.8873327]]}},{"type":"Feature","id":"28133475","properties":{"osmWayId":"28133475","name":"Perth Street","parkingStatus":"unknown"},"geometry":{"type":"LineString","coordinates":[[145.0700779,-37.8868317],[145.0700082,-37.8868234],[145.0674104,-37.8865161]]}},{"type":"Feature","id":"28133480","properties":{"osmWayId":"28133480","name":"Brisbane Street","parkingStatus":"unknown"},"geometry":{"type":"LineString","coordinates":[[145.0702407,-37.8860197],[145.0701638,-37.88601],[145.0691422,-37.8858927],[145.0678678,-37.8857428],[145.0675875,-37.8857037]]}},{"type":"Feature","id":"28133484","properties":{"osmWayId":"28133484","name":"Sutherland Street","parkingStatus":"unknown"},"geometry":{"type":"LineString","coordinates":[[145.0709419,-37.8798763],[145.0709254,-37.8799601],[145.0707796,-37.8807024],[145.0707641,-37.8807581],[145.070693,-37.8809063],[145.0706766,-37.8809732],[145.0702068,-37.8834352]]}},{"type":"Feature","id":"28133489","properties":{"osmWayId":"28133489","name":"Goode Street","parkingStatus":"unknown"},"geometry":{"type":"LineString","coordinates":[[145.0676851,-37.8834813],[145.0677908,-37.8834791],[145.0688648,-37.8834557],[145.0689456,-37.883454],[145.0701277,-37.8834364],[145.0702068,-37.8834352]]}},{"type":"Feature","id":"28133492","properties":{"osmWayId":"28133492","name":"Paul Street","parkingStatus":"unknown"},"geometry":{"type":"LineString","coordinates":[[145.0694436,-37.880827],[145.0695229,-37.8808364],[145.0705973,-37.8809638],[145.0706766,-37.8809732]]}},{"type":"Feature","id":"28133508","properties":{"osmWayId":"28133508","name":"Sycamore Street","parkingStatus":"unknown"},"geometry":{"type":"LineString","coordinates":[[145.0689456,-37.883454],[145.0689566,-37.8833956],[145.0694436,-37.880827],[145.0696009,-37.8800173],[145.0696769,-37.8796463],[145.0696951,-37.8795624]]}},{"type":"Feature","id":"28133517","properties":{"osmWayId":"28133517","name":"Bruce Street","parkingStatus":"unknown"},"geometry":{"type":"LineString","coordinates":[[145.0714327,-37.8804503],[145.0714566,-37.8805897],[145.0715954,-37.8813391],[145.0716077,-37.8814143],[145.0715996,-37.8814842],[145.0715283,-37.881873],[145.0712044,-37.883631],[145.0710864,-37.8842547]]}},{"type":"Feature","id":"28133528","properties":{"osmWayId":"28133528","name":"Thomas Street","parkingStatus":"unknown"},"geometry":{"type":"LineString","coordinates":[[145.0712044,-37.883631],[145.0712788,-37.883639],[145.0720422,-37.8837216]]}},{"type":"Feature","id":"28133538","properties":{"osmWayId":"28133538","name":"Albert Street","parkingStatus":"unknown"},"geometry":{"type":"LineString","coordinates":[[145.0642511,-37.8738147],[145.0641904,-37.8738932],[145.0641832,-37.8739048],[145.0641735,-37.8739319],[145.0637751,-37.8760111],[145.0634442,-37.877739],[145.0634285,-37.8778208]]}},{"type":"Feature","id":"28133553","properties":{"osmWayId":"28133553","name":"Serrell Street","parkingStatus":"unknown"},"geometry":{"type":"LineString","coordinates":[[145.0628243,-37.8777464],[145.062809,-37.8778305],[145.0626749,-37.8785694],[145.0625816,-37.879085],[145.0624727,-37.8796097],[145.0622388,-37.8808653],[145.0621986,-37.881081],[145.062135,-37.8814457],[145.0621271,-37.8814642],[145.0621067,-37.8814978],[145.0620532,-37.8815678],[145.0620312,-37.8816011],[145.0620189,-37.8816268],[145.0620115,-37.8816535],[145.0618416,-37.8825863],[145.0615379,-37.8842171],[145.0615232,-37.8842963]]}},{"type":"Feature","id":"28156521","properties":{"osmWayId":"28156521","name":"Orville Street","parkingStatus":"unknown"},"geometry":{"type":"LineString","coordinates":[[145.0611798,-37.8756991],[145.0611678,-37.8757616],[145.0610054,-37.8765885],[145.0608403,-37.8774234],[145.0608244,-37.8775038]]}},{"type":"Feature","id":"28156553","properties":{"osmWayId":"28156553","name":"The Avenue","parkingStatus":"unknown"},"geometry":{"type":"LineString","coordinates":[[145.0550217,-37.8737031],[145.0550149,-37.8737353],[145.0550092,-37.873762],[145.054976,-37.8739447],[145.054954,-37.874058],[145.0544556,-37.8766472],[145.0544511,-37.8766709],[145.0544424,-37.8767165],[145.054439,-37.8767317]]}},{"type":"Feature","id":"28156558","properties":{"osmWayId":"28156558","name":"The Grange","parkingStatus":"unknown"},"geometry":{"type":"LineString","coordinates":[[145.0537571,-37.8735325],[145.0537516,-37.8735611],[145.0537431,-37.8736055],[145.0532444,-37.8762084],[145.0531892,-37.8764937],[145.053185,-37.8765154],[145.053176,-37.876562],[145.0531733,-37.8765778]]}},{"type":"Feature","id":"28156621","properties":{"osmWayId":"28156621","name":"Ash Grove","parkingStatus":"unknown"},"geometry":{"type":"LineString","coordinates":[[145.0562609,-37.8738383],[145.0562554,-37.8738666],[145.0562468,-37.873911],[145.0556902,-37.8767971],[145.055686,-37.8768188],[145.0556769,-37.8768661],[145.0556742,-37.8768804]]}},{"type":"Feature","id":"28156629","properties":{"osmWayId":"28156629","name":"Oak Grove","parkingStatus":"unknown"},"geometry":{"type":"LineString","coordinates":[[145.0574498,-37.8739974],[145.0574442,-37.8740269],[145.0574387,-37.8740561],[145.0568897,-37.8769419],[145.0568851,-37.8769637],[145.0568752,-37.8770111],[145.0568721,-37.8770257]]}},{"type":"Feature","id":"28163251","properties":{"osmWayId":"28163251","name":"Beech Street","parkingStatus":"unknown"},"geometry":{"type":"LineString","coordinates":[[145.0586538,-37.8741271],[145.0586488,-37.8741533],[145.0586396,-37.8742009],[145.0581573,-37.8767123],[145.058126,-37.8768808],[145.0580842,-37.8770897],[145.0580801,-37.8771095],[145.0580703,-37.8771569],[145.0580677,-37.8771707]]}},{"type":"Feature","id":"28677242","properties":{"osmWayId":"28677242","name":"Washington Avenue","parkingStatus":"unknown"},"geometry":{"type":"LineString","coordinates":[[145.0592589,-37.8840724],[145.0592858,-37.8839602],[145.0592997,-37.8838865],[145.0598091,-37.8811934],[145.060054,-37.8798708],[145.0600658,-37.8798072]]}},{"type":"Feature","id":"28677245","properties":{"osmWayId":"28677245","name":"Washington Lane","parkingStatus":"unknown"},"geometry":{"type":"LineString","coordinates":[[145.0585975,-37.8810538],[145.0587008,-37.8810654],[145.0597323,-37.8811845],[145.0598091,-37.8811934],[145.0598851,-37.8812022],[145.0608232,-37.8813104],[145.060905,-37.8813198],[145.0609789,-37.8813285],[145.0620169,-37.881451],[145.0621271,-37.8814642]]}},{"type":"Feature","id":"28677249","properties":{"osmWayId":"28677249","name":"Boston Avenue","parkingStatus":"unknown"},"geometry":{"type":"LineString","coordinates":[[145.0611342,-37.8799505],[145.0611459,-37.8799725],[145.0611516,-37.8799987],[145.0611489,-37.8800281],[145.060905,-37.8813198],[145.0603937,-37.8840492],[145.0603783,-37.8841316]]}},{"type":"Feature","id":"28677252","properties":{"osmWayId":"28677252","name":"Wattle Grove","parkingStatus":"unknown"},"geometry":{"type":"LineString","coordinates":[[145.0611342,-37.8799505],[145.0611129,-37.8799376],[145.0610892,-37.8799292],[145.061062,-37.8799248],[145.0606651,-37.8798762],[145.0600658,-37.8798072],[145.058966,-37.8796777],[145.0588594,-37.8796651]]}},{"type":"Feature","id":"28677257","properties":{"osmWayId":"28677257","name":"Koornang Road","parkingStatus":"unknown"},"geometry":{"type":"LineString","coordinates":[[145.0579666,-37.8844353],[145.0579586,-37.8844776],[145.0578553,-37.8850243],[145.0578245,-37.88519],[145.0578124,-37.8852603],[145.0577581,-37.8855403],[145.0577444,-37.8856265],[145.0577329,-37.8856992],[145.0577167,-37.8857987],[145.0576924,-37.8859483],[145.0576709,-37.8860637],[145.0576394,-37.8862145],[145.0576119,-37.88634],[145.0576025,-37.8863744],[145.057578,-37.8864824],[145.057569,-37.8865311],[145.0575638,-37.8865593],[145.0575485,-37.886642]]}},{"type":"Feature","id":"28677258","properties":{"osmWayId":"28677258","name":"Koornang Road","parkingStatus":"unknown"},"geometry":{"type":"LineString","coordinates":[[145.0580384,-37.884042],[145.0580572,-37.8838944]]}},{"type":"Feature","id":"28677261","properties":{"osmWayId":"28677261","name":"Livingstone Road","parkingStatus":"unknown"},"geometry":{"type":"LineString","coordinates":[[145.0589463,-37.8791935],[145.0590538,-37.8792063],[145.0601172,-37.8793324],[145.0612733,-37.8794679],[145.0623708,-37.8795977],[145.0624727,-37.8796097]]}},{"type":"Feature","id":"28677280","properties":{"osmWayId":"28677280","name":"Chaucer Avenue","parkingStatus":"unknown"},"geometry":{"type":"LineString","coordinates":[[145.0601172,-37.8793324],[145.060125,-37.8792916],[145.0604582,-37.8775445],[145.0604723,-37.8774605]]}},{"type":"Feature","id":"28677282","properties":{"osmWayId":"28677282","name":"Baker Street","parkingStatus":"unknown"},"geometry":{"type":"LineString","coordinates":[[145.0612733,-37.8794679],[145.0612818,-37.8794233],[145.0616114,-37.8776845],[145.0616277,-37.8775986]]}},{"type":"Feature","id":"28677284","properties":{"osmWayId":"28677284","name":"Bowlers Way","parkingStatus":"unknown"},"geometry":{"type":"LineString","coordinates":[[145.0621986,-37.881081],[145.062305,-37.8810942],[145.0627941,-37.8811551],[145.062888,-37.8812017]]}},{"type":"Feature","id":"28677773","properties":{"osmWayId":"28677773","name":"Maroora Street","parkingStatus":"unknown"},"geometry":{"type":"LineString","coordinates":[[145.0583852,-37.8821777],[145.0582852,-37.8821655],[145.0577141,-37.8820958],[145.0571553,-37.8820294],[145.057091,-37.8820217],[145.0570326,-37.882015],[145.0569668,-37.882007],[145.0564103,-37.88194],[145.0558882,-37.8818755],[145.0553583,-37.8818092]]}},{"type":"Feature","id":"28677827","properties":{"osmWayId":"28677827","name":"Silverton Street","parkingStatus":"unknown"},"geometry":{"type":"LineString","coordinates":[[145.0589332,-37.8792604],[145.0588344,-37.8792488],[145.0582519,-37.8791802],[145.0576958,-37.8791119],[145.0576371,-37.8791047],[145.0575773,-37.8790976],[145.0575251,-37.8790913],[145.0570224,-37.8790299],[145.056952,-37.879021],[145.0565103,-37.8789683],[145.0564583,-37.8789617],[145.0564022,-37.8789547],[145.0563571,-37.8789499],[145.0558809,-37.878893]]}},{"type":"Feature","id":"28678060","properties":{"osmWayId":"28678060","name":"Howard Street","parkingStatus":"unknown"},"geometry":{"type":"LineString","coordinates":[[145.0524262,-37.8802502],[145.0524987,-37.8802592],[145.053654,-37.8804024],[145.0536902,-37.8804061],[145.0547934,-37.880537],[145.0548876,-37.8805482]]}},{"type":"Feature","id":"28678061","properties":{"osmWayId":"28678061","name":"Wilmot Street","parkingStatus":"unknown"},"geometry":{"type":"LineString","coordinates":[[145.053654,-37.8804024],[145.0536427,-37.8804622],[145.0531694,-37.8829617],[145.0531621,-37.883],[145.0531527,-37.8830349],[145.0531212,-37.8831423]]}},{"type":"Feature","id":"28678065","properties":{"osmWayId":"28678065","name":"Ardrie Road","parkingStatus":"unknown"},"geometry":{"type":"LineString","coordinates":[[145.0554046,-37.8778319],[145.0552834,-37.8778193],[145.054029,-37.8776611],[145.0539336,-37.8776505],[145.0529471,-37.877534],[145.0517933,-37.8773951],[145.0517169,-37.8773854],[145.0516404,-37.8773762],[145.050321,-37.8772166],[145.0494355,-37.8771117],[145.0487252,-37.877024],[145.0486819,-37.8770197],[145.0480966,-37.8769451],[145.0480745,-37.8769422],[145.047995,-37.8769319]]}},{"type":"Feature","id":"28678084","properties":{"osmWayId":"28678084","name":"Moama Road","parkingStatus":"unknown"},"geometry":{"type":"LineString","coordinates":[[145.0478271,-37.8780747],[145.047855,-37.8780784],[145.0478785,-37.8780812],[145.0481819,-37.8781175],[145.0484701,-37.8781478],[145.0485194,-37.8781477],[145.0485513,-37.8781447],[145.04866,-37.8781244],[145.0491835,-37.8780177],[145.0492293,-37.8780084],[145.0492729,-37.8779995]]}},{"type":"Feature","id":"28678085","properties":{"osmWayId":"28678085","name":"Warley Road","parkingStatus":"unknown"},"geometry":{"type":"LineString","coordinates":[[145.0494355,-37.8771117],[145.0494245,-37.8771689],[145.0493474,-37.8775702],[145.0492818,-37.8778945],[145.0492742,-37.877967],[145.0492729,-37.8779995],[145.0492817,-37.8780339],[145.0492961,-37.8780792],[145.0493196,-37.8781214],[145.049346,-37.8781588],[145.0496637,-37.878559],[145.0500615,-37.8790739],[145.0504813,-37.8796255],[145.0504938,-37.879651],[145.050502,-37.87968],[145.0505,-37.8797218],[145.0504451,-37.8800192],[145.0502223,-37.8812271],[145.0502165,-37.8812486],[145.0502094,-37.8812693],[145.0502019,-37.8812877],[145.0501887,-37.8813215],[145.0501696,-37.8813534],[145.0501375,-37.8814074]]}},{"type":"Feature","id":"28678086","properties":{"osmWayId":"28678086","name":"Kilmuir Road","parkingStatus":"unknown"},"geometry":{"type":"LineString","coordinates":[[145.0500615,-37.8790739],[145.0501165,-37.8790806],[145.0501573,-37.8790855],[145.0512577,-37.8792182],[145.0513345,-37.8792274]]}},{"type":"Feature","id":"28711449","properties":{"osmWayId":"28711449","name":"Oravel Avenue","parkingStatus":"unknown"},"geometry":{"type":"LineString","coordinates":[[145.0720524,-37.8799193],[145.0720335,-37.879838],[145.0720129,-37.8797352],[145.0719544,-37.879433],[145.071947,-37.8793867],[145.0719436,-37.8793354],[145.0719528,-37.8789212],[145.0719596,-37.8785786],[145.0719637,-37.878542],[145.0719758,-37.8785161],[145.0720053,-37.8784811],[145.0720637,-37.8784409],[145.0724553,-37.8782158]]}},{"type":"Feature","id":"28711478","properties":{"osmWayId":"28711478","name":"Melbourne Street","parkingStatus":"unknown"},"geometry":{"type":"LineString","coordinates":[[145.0669424,-37.8889591],[145.067148,-37.8889872],[145.0672498,-37.889],[145.0682839,-37.8891192],[145.0695458,-37.8892657],[145.0696196,-37.8892743]]}},{"type":"Feature","id":"28712284","properties":{"osmWayId":"28712284","name":"Bute Street","parkingStatus":"unknown"},"geometry":{"type":"LineString","coordinates":[[145.070657,-37.8956238],[145.0706411,-37.8955777],[145.0707916,-37.894841],[145.0707896,-37.8947718],[145.0706246,-37.8943807],[145.0706207,-37.8943127],[145.0710391,-37.8921992],[145.0710551,-37.8921637],[145.0710807,-37.8921069]]}},{"type":"Feature","id":"30124263","properties":{"osmWayId":"30124263","name":"Murrumbeena Road","parkingStatus":"unknown"},"geometry":{"type":"LineString","coordinates":[[145.0665295,-37.8896362],[145.0665177,-37.8897085],[145.0665088,-37.8897586],[145.0665029,-37.8897919],[145.0664945,-37.8898396],[145.0664858,-37.8898892],[145.0664811,-37.8899165],[145.0664391,-37.8901561]]}},{"type":"Feature","id":"30124264","properties":{"osmWayId":"30124264","name":"Murrumbeena Road","parkingStatus":"unknown"},"geometry":{"type":"LineString","coordinates":[[145.0662982,-37.8909228],[145.066259,-37.8911308],[145.0662373,-37.8912456],[145.0661596,-37.8916576],[145.0660856,-37.8920502],[145.0657657,-37.8937469],[145.0657341,-37.8939073],[145.0656406,-37.8944309],[145.0656152,-37.89458],[145.0654797,-37.8953266],[145.065464,-37.8953991],[145.065305,-37.896197]]}},{"type":"Feature","id":"30124575","properties":{"osmWayId":"30124575","name":"Vine Grove","parkingStatus":"unknown"},"geometry":{"type":"LineString","coordinates":[[145.0491241,-37.8936302],[145.0483467,-37.8935288],[145.0479264,-37.8934748],[145.0479107,-37.8934712],[145.0478911,-37.8934579],[145.0478813,-37.8934421],[145.0476741,-37.8928488],[145.0476527,-37.8927876]]}},{"type":"Feature","id":"30124594","properties":{"osmWayId":"30124594","name":"Oakleigh Road","parkingStatus":"unknown"},"geometry":{"type":"LineString","coordinates":[[145.0451438,-37.8981977],[145.0452536,-37.8982066],[145.0452708,-37.898208],[145.0452987,-37.8982098],[145.0453663,-37.8982142],[145.0456285,-37.8982433],[145.0458661,-37.8982711],[145.0467872,-37.898379],[145.0474108,-37.8984574],[145.0475252,-37.8984718],[145.0485543,-37.898594],[145.0487787,-37.8986211],[145.0498573,-37.8987512],[145.0502378,-37.8987971],[145.0511071,-37.8989019]]}},{"type":"Feature","id":"30125111","properties":{"osmWayId":"30125111","name":"Warida Avenue","parkingStatus":"unknown"},"geometry":{"type":"LineString","coordinates":[[145.0684371,-37.8795554],[145.0683346,-37.879543],[145.0677401,-37.8794712],[145.0663562,-37.879293],[145.066063,-37.8793119],[145.0654792,-37.8792404]]}},{"type":"Feature","id":"30125158","properties":{"osmWayId":"30125158","name":"Edna Street","parkingStatus":"unknown"},"geometry":{"type":"LineString","coordinates":[[145.0680331,-37.8816692],[145.0679257,-37.8816575],[145.0659016,-37.8814358],[145.0655582,-37.8813477],[145.0651398,-37.8812996]]}},{"type":"Feature","id":"30125165","properties":{"osmWayId":"30125165","name":"Fountaine Avenue","parkingStatus":"unknown"},"geometry":{"type":"LineString","coordinates":[[145.0678727,-37.8825091],[145.0677692,-37.8824971],[145.0650577,-37.8821818]]}},{"type":"Feature","id":"30125168","properties":{"osmWayId":"30125168","name":"Berrima Avenue","parkingStatus":"unknown"},"geometry":{"type":"LineString","coordinates":[[145.0677214,-37.883299],[145.0676176,-37.8832844],[145.0663626,-37.8831079],[145.0649176,-37.8829396],[145.0648519,-37.8829333],[145.0644006,-37.8828767],[145.0639194,-37.8828227],[145.0638413,-37.882814],[145.0637672,-37.8828053],[145.0623422,-37.8826387],[145.0620999,-37.8826136],[145.0619154,-37.8825941],[145.0618416,-37.8825863]]}},{"type":"Feature","id":"30125191","properties":{"osmWayId":"30125191","name":"Villers Square","parkingStatus":"unknown"},"geometry":{"type":"LineString","coordinates":[[145.063728,-37.8835133],[145.063637,-37.8835025],[145.0627569,-37.8833981],[145.0627354,-37.8833971],[145.0627165,-37.8834019],[145.062703,-37.8834129],[145.0626921,-37.8834295],[145.0626836,-37.8834703],[145.062675,-37.8835143],[145.0626795,-37.8835257],[145.0626897,-37.8835364],[145.0627045,-37.8835444],[145.0627225,-37.8835499],[145.0636085,-37.8836555],[145.0636938,-37.8836659]]}},{"type":"Feature","id":"30125193","properties":{"osmWayId":"30125193","name":"Bretonneux Square","parkingStatus":"unknown"},"geometry":{"type":"LineString","coordinates":[[145.063874,-37.8821281],[145.0638012,-37.8821199],[145.0629355,-37.8820223],[145.0629115,-37.8820144],[145.0628995,-37.8820012],[145.0628962,-37.8819828],[145.0628999,-37.8819602],[145.0629055,-37.8819273],[145.0629177,-37.8819066],[145.0629346,-37.881897],[145.0629581,-37.881897],[145.0637923,-37.8819923],[145.063869,-37.8820011]]}},{"type":"Feature","id":"30125221","properties":{"osmWayId":"30125221","name":"Lewes Drive","parkingStatus":"unknown"},"geometry":{"type":"LineString","coordinates":[[145.0623401,-37.8776872],[145.062355,-37.8776066],[145.0625582,-37.8765071]]}},{"type":"Feature","id":"30125249","properties":{"osmWayId":"30125249","name":"Coolgardie Avenue","parkingStatus":"unknown"},"geometry":{"type":"LineString","coordinates":[[145.064525,-37.8779494],[145.064541,-37.8778693],[145.0649777,-37.8756302],[145.0649887,-37.8755917],[145.0650013,-37.8755703],[145.0650215,-37.8755537],[145.0653706,-37.8753738],[145.0654594,-37.875328]]}},{"type":"Feature","id":"30125252","properties":{"osmWayId":"30125252","name":"Melrose Avenue","parkingStatus":"unknown"},"geometry":{"type":"LineString","coordinates":[[145.0656692,-37.8780871],[145.0656766,-37.8780234],[145.0656799,-37.8780064],[145.0657525,-37.8776343],[145.0659003,-37.8768384],[145.0659198,-37.8767741],[145.0659394,-37.8767422],[145.0659732,-37.8767125],[145.0660138,-37.8766879],[145.066307,-37.8765442],[145.0663975,-37.8764998]]}},{"type":"Feature","id":"30125253","properties":{"osmWayId":"30125253","name":"Heatherleigh Place","parkingStatus":"unknown"},"geometry":{"type":"LineString","coordinates":[[145.0610054,-37.8765885],[145.0610803,-37.8765979],[145.0616693,-37.8766716]]}},{"type":"Feature","id":"30512883","properties":{"osmWayId":"30512883","name":"Derby Crescent","parkingStatus":"unknown"},"geometry":{"type":"LineString","coordinates":[[145.0445621,-37.8848413],[145.0445815,-37.8848322],[145.0445968,-37.8848212],[145.0453272,-37.8841],[145.0454405,-37.8839767],[145.0455936,-37.8837516],[145.04572,-37.8835508],[145.0458271,-37.8833509],[145.0458962,-37.8832129],[145.0459927,-37.8829871],[145.0460349,-37.882868],[145.0460553,-37.8827867],[145.046065,-37.88271],[145.046066,-37.8826176],[145.0460641,-37.8824445],[145.0460579,-37.8819391],[145.0460549,-37.8818762],[145.0460517,-37.8818102]]}},{"type":"Feature","id":"30637603","properties":{"osmWayId":"30637603","name":"Unnamed road","parkingStatus":"unknown"},"geometry":{"type":"LineString","coordinates":[[145.0700691,-37.8780158],[145.0701346,-37.8779806],[145.0703229,-37.8777988],[145.0704406,-37.8776889],[145.070489,-37.8776474],[145.0705221,-37.8776338],[145.0705536,-37.8776311],[145.0706822,-37.8776528],[145.0712944,-37.8777663],[145.0712861,-37.8778093],[145.0714725,-37.8779664],[145.0716274,-37.8780922],[145.0716841,-37.8781699],[145.0717016,-37.8782483],[145.0716816,-37.8784209],[145.0716651,-37.8786276]]}},{"type":"Feature","id":"30637638","properties":{"osmWayId":"30637638","name":"Unnamed road","parkingStatus":"unknown"},"geometry":{"type":"LineString","coordinates":[[145.0712861,-37.8778093],[145.0710891,-37.8779698],[145.0709526,-37.8780738],[145.0708035,-37.8781878]]}},{"type":"Feature","id":"30637639","properties":{"osmWayId":"30637639","name":"Unnamed road","parkingStatus":"unknown"},"geometry":{"type":"LineString","coordinates":[[145.0716651,-37.8786276],[145.0716266,-37.8785977],[145.0709526,-37.8780738],[145.0704406,-37.8776889],[145.0703955,-37.877646]]}},{"type":"Feature","id":"30637641","properties":{"osmWayId":"30637641","name":"Unnamed road","parkingStatus":"unknown"},"geometry":{"type":"LineString","coordinates":[[145.0716816,-37.8784209],[145.0716416,-37.8783905],[145.0710891,-37.8779698],[145.0706822,-37.8776528]]}},{"type":"Feature","id":"30637646","properties":{"osmWayId":"30637646","name":"Unnamed road","parkingStatus":"unknown"},"geometry":{"type":"LineString","coordinates":[[145.0716305,-37.8789208],[145.0713946,-37.8788855],[145.070969,-37.8785169],[145.0710848,-37.8784161]]}},{"type":"Feature","id":"30637650","properties":{"osmWayId":"30637650","name":"Unnamed road","parkingStatus":"unknown"},"geometry":{"type":"LineString","coordinates":[[145.0693016,-37.8772192],[145.0692746,-37.8772599],[145.0698181,-37.8774872],[145.0702708,-37.8777614],[145.0703229,-37.8777988],[145.0708035,-37.8781878],[145.0710848,-37.8784161],[145.0715624,-37.8787905],[145.0716386,-37.8788502]]}},{"type":"Feature","id":"30637651","properties":{"osmWayId":"30637651","name":"Unnamed road","parkingStatus":"unknown"},"geometry":{"type":"LineString","coordinates":[[145.0693016,-37.8772192],[145.0692379,-37.8771899],[145.0690542,-37.8771146],[145.0683847,-37.8769384],[145.0677667,-37.8765794]]}},{"type":"Feature","id":"30637652","properties":{"osmWayId":"30637652","name":"Unnamed road","parkingStatus":"unknown"},"geometry":{"type":"LineString","coordinates":[[145.0682837,-37.877092],[145.0683847,-37.8769384],[145.0685135,-37.8767623]]}},{"type":"Feature","id":"30637658","properties":{"osmWayId":"30637658","name":"Unnamed road","parkingStatus":"unknown"},"geometry":{"type":"LineString","coordinates":[[145.0677667,-37.8765794],[145.0678783,-37.8764371],[145.0685135,-37.8767623],[145.0690971,-37.8770062],[145.0690542,-37.8771146]]}},{"type":"Feature","id":"30637670","properties":{"osmWayId":"30637670","name":"Waverley Road","parkingStatus":"unknown"},"geometry":{"type":"LineString","coordinates":[[145.0679345,-37.8783891],[145.068118,-37.8785573],[145.0683027,-37.8787446],[145.068546,-37.8789609]]}},{"type":"Feature","id":"30637679","properties":{"osmWayId":"30637679","name":"Waverley Road","parkingStatus":"unknown"},"geometry":{"type":"LineString","coordinates":[[145.0677993,-37.8782381],[145.0676984,-37.8782931],[145.0675781,-37.8783403]]}},{"type":"Feature","id":"30637682","properties":{"osmWayId":"30637682","name":"Malvern Road","parkingStatus":"unknown"},"geometry":{"type":"LineString","coordinates":[[145.0677255,-37.8781439],[145.0677993,-37.8782381]]}},{"type":"Feature","id":"30637687","properties":{"osmWayId":"30637687","name":"Waverley Road","parkingStatus":"unknown"},"geometry":{"type":"LineString","coordinates":[[145.0672951,-37.8782831],[145.067449,-37.8782644],[145.0675012,-37.8782603],[145.0675487,-37.8782515],[145.0675986,-37.8782316],[145.0676281,-37.8782173],[145.0676815,-37.8781815],[145.0677255,-37.8781439]]}},{"type":"Feature","id":"30637737","properties":{"osmWayId":"30637737","name":"Malvern Road","parkingStatus":"unknown"},"geometry":{"type":"LineString","coordinates":[[145.0675753,-37.8779668],[145.0676264,-37.8780302],[145.0676476,-37.8780535],[145.0677255,-37.8781439]]}},{"type":"Feature","id":"30908380","properties":{"osmWayId":"30908380","name":"Neville Street","parkingStatus":"unknown"},"geometry":{"type":"LineString","coordinates":[[145.0514258,-37.8977438],[145.0514565,-37.8977385],[145.0514851,-37.8977374],[145.0515203,-37.897738],[145.0550229,-37.8981391]]}},{"type":"Feature","id":"30908382","properties":{"osmWayId":"30908382","name":"Unnamed road","parkingStatus":"unknown"},"geometry":{"type":"LineString","coordinates":[[145.0513626,-37.8978039],[145.0513456,-37.8978017],[145.0513299,-37.897796],[145.0513164,-37.8977867],[145.0513062,-37.8977739],[145.0513013,-37.8977593],[145.0513022,-37.8977442],[145.0513088,-37.89773],[145.0513205,-37.897718],[145.0513374,-37.8977089],[145.051357,-37.8977045],[145.0513774,-37.8977053],[145.0513964,-37.8977112],[145.0514114,-37.8977209],[145.0514219,-37.8977338],[145.0514258,-37.8977438],[145.051427,-37.8977486],[145.0514261,-37.8977639],[145.0514202,-37.8977771],[145.0514098,-37.8977885],[145.0513958,-37.8977972],[145.0513798,-37.8978024],[145.0513626,-37.8978039]]}},{"type":"Feature","id":"30908431","properties":{"osmWayId":"30908431","name":"Unnamed road","parkingStatus":"unknown"},"geometry":{"type":"LineString","coordinates":[[145.0551644,-37.8994532],[145.0551403,-37.8994569],[145.0551159,-37.8994548],[145.0550933,-37.8994473],[145.0550745,-37.8994349]]}},{"type":"Feature","id":"31096831","properties":{"osmWayId":"31096831","name":"Shepparson Avenue","parkingStatus":"unknown"},"geometry":{"type":"LineString","coordinates":[[145.058112,-37.8893241],[145.0581243,-37.8892644],[145.058209,-37.8888527]]}},{"type":"Feature","id":"45023355","properties":{"osmWayId":"45023355","name":"Clarence Avenue","parkingStatus":"unknown"},"geometry":{"type":"LineString","coordinates":[[145.05735,-37.8996733],[145.0573423,-37.899712],[145.0573332,-37.8997581],[145.057129,-37.9008441],[145.0571259,-37.9008608]]}},{"type":"Feature","id":"46145405","properties":{"osmWayId":"46145405","name":"Hughes Street","parkingStatus":"unknown"},"geometry":{"type":"LineString","coordinates":[[145.0563892,-37.8791974],[145.0558993,-37.8818162],[145.0558882,-37.8818755]]}},{"type":"Feature","id":"46145408","properties":{"osmWayId":"46145408","name":"Langville Court","parkingStatus":"unknown"},"geometry":{"type":"LineString","coordinates":[[145.0555475,-37.8834144],[145.0555621,-37.8833361],[145.0557337,-37.8824162]]}},{"type":"Feature","id":"46145409","properties":{"osmWayId":"46145409","name":"Fisher Street","parkingStatus":"unknown"},"geometry":{"type":"LineString","coordinates":[[145.057108,-37.88177],[145.0575683,-37.8793167]]}},{"type":"Feature","id":"46145410","properties":{"osmWayId":"46145410","name":"Macgregor Street","parkingStatus":"unknown"},"geometry":{"type":"LineString","coordinates":[[145.0543785,-37.8832487],[145.0543938,-37.8831676],[145.0546664,-37.8817269],[145.0548876,-37.8805482],[145.0553252,-37.8782408],[145.0554046,-37.8778319],[145.055488,-37.877389],[145.0555675,-37.8769524],[145.0555715,-37.8769304],[145.0555797,-37.8768851],[145.0555828,-37.8768691]]}},{"type":"Feature","id":"46145411","properties":{"osmWayId":"46145411","name":"Repton Road","parkingStatus":"unknown"},"geometry":{"type":"LineString","coordinates":[[145.0516279,-37.8824676],[145.0516953,-37.8823997],[145.0520427,-37.8820496],[145.0520702,-37.8820173],[145.0520885,-37.881991],[145.0520954,-37.8819706],[145.0520993,-37.8819453],[145.0524167,-37.8802955],[145.0524262,-37.8802502],[145.0527673,-37.8784702],[145.0527882,-37.8783685],[145.0529355,-37.8775948],[145.0529471,-37.877534]]}},{"type":"Feature","id":"46145412","properties":{"osmWayId":"46145412","name":"Dandenong Road","parkingStatus":"unknown"},"geometry":{"type":"LineString","coordinates":[[145.0505047,-37.8818092],[145.0507039,-37.8818541],[145.0509138,-37.8820135],[145.0510304,-37.8820976],[145.0512376,-37.882241],[145.0512442,-37.8822449],[145.0513959,-37.8823331],[145.05153,-37.8824125],[145.0516279,-37.8824676],[145.0517566,-37.8825305],[145.0519069,-37.8825993],[145.0519458,-37.8826168],[145.052106,-37.8826888],[145.0523052,-37.8827703],[145.0525331,-37.8828587],[145.0527296,-37.8829211],[145.0527825,-37.8829358],[145.0530092,-37.8829989],[145.0531527,-37.8830349],[145.0533003,-37.8830709],[145.0534531,-37.8831032],[145.0536013,-37.8831302],[145.0537274,-37.8831508],[145.0542786,-37.8832344],[145.0543785,-37.8832487],[145.054963,-37.8833316],[145.0555475,-37.8834144],[145.0559468,-37.8834737],[145.0562611,-37.8835203],[145.0567619,-37.8835949],[145.0570059,-37.8836384],[145.0570984,-37.8836946],[145.0571739,-37.8837693]]}},{"type":"Feature","id":"46145413","properties":{"osmWayId":"46145413","name":"Karma Avenue","parkingStatus":"unknown"},"geometry":{"type":"LineString","coordinates":[[145.0646125,-37.8845115],[145.0646279,-37.8844293],[145.0647788,-37.8836229],[145.0649176,-37.8829396],[145.0650577,-37.8821818],[145.0651167,-37.8818621],[145.0651234,-37.881807],[145.0650862,-37.8816932],[145.0650862,-37.8815984],[145.0651398,-37.8812996],[145.0652523,-37.8804657],[145.0652562,-37.8804235],[145.0652596,-37.880353],[145.0652703,-37.8802805],[145.0653923,-37.8796022],[145.065422,-37.8794269],[145.06544,-37.8793582],[145.0654667,-37.8792901],[145.0654792,-37.8792404],[145.0654857,-37.8791985],[145.0654871,-37.879145],[145.0654912,-37.8790921],[145.0654994,-37.8790378],[145.0655928,-37.8785366],[145.0656599,-37.8781684],[145.065663,-37.8781512],[145.0656692,-37.8780871]]}},{"type":"Feature","id":"46145414","properties":{"osmWayId":"46145414","name":"Merville Avenue","parkingStatus":"unknown"},"geometry":{"type":"LineString","coordinates":[[145.0660971,-37.8844818],[145.0661121,-37.8844042],[145.0663626,-37.8831079]]}},{"type":"Feature","id":"46145416","properties":{"osmWayId":"46145416","name":"Nirvana Avenue","parkingStatus":"unknown"},"geometry":{"type":"LineString","coordinates":[[145.0635222,-37.8845326],[145.0635408,-37.8844462],[145.0636938,-37.8836659],[145.063728,-37.8835133],[145.0638316,-37.8828738],[145.0638413,-37.882814],[145.0638521,-37.8827524],[145.0639037,-37.8824591],[145.063874,-37.8821281],[145.063869,-37.8820011],[145.0638668,-37.8817023],[145.0638648,-37.8816647],[145.0643335,-37.8789977],[145.0643972,-37.8780181],[145.0644026,-37.8779355]]}},{"type":"Feature","id":"46145417","properties":{"osmWayId":"46145417","name":"Chestnut Street","parkingStatus":"unknown"},"geometry":{"type":"LineString","coordinates":[[145.0610139,-37.8842233],[145.0609881,-37.8843294]]}},{"type":"Feature","id":"46145418","properties":{"osmWayId":"46145418","name":"Dandenong Road","parkingStatus":"unknown"},"geometry":{"type":"LineString","coordinates":[[145.0582492,-37.8839249],[145.0584784,-37.8838437],[145.0592858,-37.8839602],[145.0600483,-37.8840798],[145.0603783,-37.8841316],[145.0610139,-37.8842233],[145.061233,-37.8842547],[145.0615232,-37.8842963],[145.062222,-37.884403],[145.0626841,-37.8844703],[145.0631508,-37.8845106],[145.0633237,-37.8845274],[145.0635222,-37.8845326],[145.0637072,-37.8845358],[145.0640774,-37.8845274],[145.0646125,-37.8845115],[145.065544,-37.8844929],[145.0660971,-37.8844818],[145.0667128,-37.884464],[145.0668038,-37.8845009],[145.066883,-37.8845766]]}},{"type":"Feature","id":"46145430","properties":{"osmWayId":"46145430","name":"Unnamed road","parkingStatus":"unknown"},"geometry":{"type":"LineString","coordinates":[[145.0448535,-37.8774186],[145.0449383,-37.877396],[145.04497,-37.8773951],[145.0455981,-37.8774663],[145.0457659,-37.8774853],[145.0460696,-37.8775198],[145.0460895,-37.8775221]]}},{"type":"Feature","id":"46418589","properties":{"osmWayId":"46418589","name":"Sir John Monash Drive","parkingStatus":"unknown"},"geometry":{"type":"LineString","coordinates":[[145.0430263,-37.8773353],[145.0432457,-37.8774804],[145.0433788,-37.8775676],[145.0434495,-37.8776144],[145.0435394,-37.8776631],[145.0436212,-37.8776959],[145.043701,-37.8777171],[145.0437808,-37.8777298],[145.0441325,-37.8777714],[145.0442682,-37.8777869]]}},{"type":"Feature","id":"47519616","properties":{"osmWayId":"47519616","name":"Unnamed road","parkingStatus":"unknown"},"geometry":{"type":"LineString","coordinates":[[145.0555957,-37.8944213],[145.0556045,-37.8943779],[145.0556983,-37.8939197],[145.0557102,-37.8938658]]}},{"type":"Feature","id":"47519619","properties":{"osmWayId":"47519619","name":"Unnamed road","parkingStatus":"unknown"},"geometry":{"type":"LineString","coordinates":[[145.0534723,-37.8907786],[145.0534751,-37.8907642],[145.0534859,-37.890703],[145.0536816,-37.8895901],[145.0538358,-37.888773]]}},{"type":"Feature","id":"47519624","properties":{"osmWayId":"47519624","name":"Unnamed road","parkingStatus":"unknown"},"geometry":{"type":"LineString","coordinates":[[145.0531443,-37.8886893],[145.0532341,-37.8887002],[145.0538358,-37.888773],[145.0544662,-37.8888507],[145.0545465,-37.8888606],[145.0545686,-37.8888633]]}},{"type":"Feature","id":"47519666","properties":{"osmWayId":"47519666","name":"Unnamed road","parkingStatus":"unknown"},"geometry":{"type":"LineString","coordinates":[[145.0573991,-37.8892414],[145.0573895,-37.8893041],[145.0573338,-37.8896679],[145.0573482,-37.8896938],[145.0573772,-37.8897021],[145.0579538,-37.8897673],[145.0580337,-37.8897763]]}},{"type":"Feature","id":"47519712","properties":{"osmWayId":"47519712","name":"Unnamed road","parkingStatus":"unknown"},"geometry":{"type":"LineString","coordinates":[[145.0566411,-37.8914773],[145.0566688,-37.8914803],[145.0567461,-37.8914887],[145.0576189,-37.8915842],[145.0576964,-37.8915927],[145.0587112,-37.8917095],[145.0597122,-37.8918223],[145.0607166,-37.8919338]]}},{"type":"Feature","id":"47519714","properties":{"osmWayId":"47519714","name":"Unnamed road","parkingStatus":"unknown"},"geometry":{"type":"LineString","coordinates":[[145.0479783,-37.8857913],[145.0478956,-37.8857788],[145.0478497,-37.8857718],[145.0471424,-37.8856761],[145.0470364,-37.8856621]]}},{"type":"Feature","id":"47519716","properties":{"osmWayId":"47519716","name":"Unnamed road","parkingStatus":"unknown"},"geometry":{"type":"LineString","coordinates":[[145.0479783,-37.8857913],[145.0480542,-37.8858056],[145.0486756,-37.8858866],[145.0493021,-37.8859625],[145.049381,-37.8859721]]}},{"type":"Feature","id":"47519720","properties":{"osmWayId":"47519720","name":"Unnamed road","parkingStatus":"unknown"},"geometry":{"type":"LineString","coordinates":[[145.0486756,-37.8858866],[145.0485567,-37.8865367]]}},{"type":"Feature","id":"47519722","properties":{"osmWayId":"47519722","name":"Unnamed road","parkingStatus":"unknown"},"geometry":{"type":"LineString","coordinates":[[145.0478497,-37.8857718],[145.0473811,-37.8865895],[145.0470801,-37.8870941],[145.046977,-37.8872842],[145.0469338,-37.8873638]]}},{"type":"Feature","id":"47519736","properties":{"osmWayId":"47519736","name":"Unnamed road","parkingStatus":"unknown"},"geometry":{"type":"LineString","coordinates":[[145.0477739,-37.886867],[145.0478493,-37.8868764],[145.0480524,-37.8869017],[145.0491019,-37.887028],[145.0491761,-37.887037]]}},{"type":"Feature","id":"47519771","properties":{"osmWayId":"47519771","name":"Unnamed road","parkingStatus":"unknown"},"geometry":{"type":"LineString","coordinates":[[145.0451308,-37.8879786],[145.0451028,-37.8880281],[145.0447364,-37.8886757],[145.0447359,-37.8887426],[145.0447389,-37.8887723],[145.0447633,-37.8889154],[145.0450383,-37.8890134],[145.0451288,-37.8890438]]}},{"type":"Feature","id":"47519787","properties":{"osmWayId":"47519787","name":"Unnamed road","parkingStatus":"unknown"},"geometry":{"type":"LineString","coordinates":[[145.0434701,-37.8863971],[145.0438338,-37.8859883],[145.0443673,-37.8854585]]}},{"type":"Feature","id":"47519807","properties":{"osmWayId":"47519807","name":"Unnamed road","parkingStatus":"unknown"},"geometry":{"type":"LineString","coordinates":[[145.0434517,-37.8864894],[145.0441352,-37.8865723],[145.0442121,-37.8865828]]}},{"type":"Feature","id":"47576196","properties":{"osmWayId":"47576196","name":"Unnamed road","parkingStatus":"unknown"},"geometry":{"type":"LineString","coordinates":[[145.0503859,-37.8873964],[145.0504451,-37.8874038],[145.0524768,-37.8876658],[145.0525813,-37.8876777]]}},{"type":"Feature","id":"47576207","properties":{"osmWayId":"47576207","name":"Unnamed road","parkingStatus":"unknown"},"geometry":{"type":"LineString","coordinates":[[145.0505186,-37.8866916],[145.0505769,-37.8866991],[145.0522005,-37.8869078]]}},{"type":"Feature","id":"47576225","properties":{"osmWayId":"47576225","name":"Unnamed road","parkingStatus":"unknown"},"geometry":{"type":"LineString","coordinates":[[145.0506591,-37.8859965],[145.0507058,-37.8860026],[145.0523581,-37.886216]]}},{"type":"Feature","id":"47576234","properties":{"osmWayId":"47576234","name":"Unnamed road","parkingStatus":"unknown"},"geometry":{"type":"LineString","coordinates":[[145.0524225,-37.8858628],[145.0524119,-37.8859207],[145.0523581,-37.886216],[145.0523081,-37.8865069],[145.0522989,-37.8865607]]}},{"type":"Feature","id":"47576299","properties":{"osmWayId":"47576299","name":"Horseshoe Lane","parkingStatus":"unknown"},"geometry":{"type":"LineString","coordinates":[[145.0444749,-37.8853564],[145.0447869,-37.8853949],[145.0448652,-37.8854046],[145.0449452,-37.885414],[145.0453986,-37.885467],[145.045858,-37.8855222],[145.0459383,-37.8855318],[145.0460249,-37.8855421],[145.0469258,-37.885649],[145.0470364,-37.8856621]]}},{"type":"Feature","id":"48384688","properties":{"osmWayId":"48384688","name":"Short Street","parkingStatus":"unknown"},"geometry":{"type":"LineString","coordinates":[[145.0662521,-37.8763348],[145.0663304,-37.8762634],[145.0667145,-37.8759129]]}},{"type":"Feature","id":"48384689","properties":{"osmWayId":"48384689","name":"Unnamed road","parkingStatus":"unknown"},"geometry":{"type":"LineString","coordinates":[[145.0675753,-37.8779668],[145.0674861,-37.8780136],[145.0673622,-37.8780786],[145.0673315,-37.8780744],[145.0667092,-37.8777533],[145.0658288,-37.8776438],[145.0657525,-37.8776343]]}},{"type":"Feature","id":"51128485","properties":{"osmWayId":"51128485","name":"Queens Avenue","parkingStatus":"unknown"},"geometry":{"type":"LineString","coordinates":[[145.0444493,-37.8791719],[145.044433,-37.8792682],[145.0444294,-37.8792889]]}},{"type":"Feature","id":"51128496","properties":{"osmWayId":"51128496","name":"Derby Crescent","parkingStatus":"unknown"},"geometry":{"type":"LineString","coordinates":[[145.0460517,-37.8818102],[145.0460357,-37.8816198],[145.0460182,-37.8814737],[145.0459919,-37.8813248],[145.0459644,-37.8811995],[145.045915,-37.8810176],[145.0458491,-37.8808426],[145.0457284,-37.8805792],[145.0456427,-37.8804142],[145.0455428,-37.8802546],[145.0454162,-37.8800768],[145.0452509,-37.8798686],[145.0450587,-37.8796828],[145.0448095,-37.879471],[145.044642,-37.8793319],[145.0446025,-37.8793002],[145.0445714,-37.8792763],[145.0445349,-37.8792483],[145.0444493,-37.8791719]]}},{"type":"Feature","id":"51128541","properties":{"osmWayId":"51128541","name":"Unnamed road","parkingStatus":"unknown"},"geometry":{"type":"LineString","coordinates":[[145.0445384,-37.8817523],[145.0445521,-37.881681],[145.0446352,-37.8812492],[145.0446835,-37.8812217],[145.0453916,-37.8813106]]}},{"type":"Feature","id":"51128572","properties":{"osmWayId":"51128572","name":"Dandenong Road","parkingStatus":"unknown"},"geometry":{"type":"LineString","coordinates":[[145.0706738,-37.8847956],[145.0705425,-37.8847854],[145.0703914,-37.8847752],[145.070164,-37.8847682],[145.0699532,-37.8847656],[145.0694522,-37.8847827],[145.0689731,-37.8847928],[145.0683318,-37.8848064],[145.0682869,-37.8848016],[145.0682483,-37.8847952],[145.068208,-37.8847846],[145.0681854,-37.8847696],[145.0681574,-37.8847511],[145.0681094,-37.8847136]]}},{"type":"Feature","id":"51184291","properties":{"osmWayId":"51184291","name":"Tennyson Street","parkingStatus":"unknown"},"geometry":{"type":"LineString","coordinates":[[145.0510455,-37.8734082],[145.0508935,-37.8742174],[145.0506991,-37.8752242],[145.0505815,-37.8758247],[145.0505773,-37.8758489],[145.0505144,-37.8761735],[145.0505112,-37.8761901],[145.0505025,-37.876235],[145.0504974,-37.8762509],[145.050494,-37.8762659],[145.0504863,-37.8763102],[145.0504826,-37.8763314],[145.0504077,-37.8767629],[145.0503327,-37.8771554],[145.050321,-37.8772166]]}},{"type":"Feature","id":"51184526","properties":{"osmWayId":"51184526","name":"Unnamed road","parkingStatus":"unknown"},"geometry":{"type":"LineString","coordinates":[[145.0532444,-37.8762084],[145.0531675,-37.876199],[145.0526469,-37.8761354],[145.0526151,-37.8761017],[145.0520546,-37.8760345],[145.0519758,-37.8760251]]}},{"type":"Feature","id":"51184536","properties":{"osmWayId":"51184536","name":"Unnamed road","parkingStatus":"unknown"},"geometry":{"type":"LineString","coordinates":[[145.0538009,-37.8766538],[145.0538036,-37.8766392],[145.0538169,-37.8765699],[145.0539327,-37.8759682],[145.0540869,-37.8751829]]}},{"type":"Feature","id":"51184618","properties":{"osmWayId":"51184618","name":"Dandenong Road","parkingStatus":"unknown"},"geometry":{"type":"LineString","coordinates":[[145.0578396,-37.8840133],[145.0577702,-37.8840775],[145.057742,-37.8840891],[145.0577031,-37.8840923],[145.0576521,-37.8840881],[145.057577,-37.8840807],[145.0565001,-37.8839188],[145.0564259,-37.883908],[145.0561916,-37.8838738],[145.0560918,-37.8838589],[145.0556336,-37.8837924],[145.0551453,-37.8837211],[145.0543364,-37.8836031],[145.0542369,-37.883588],[145.0537356,-37.8835121],[145.0536603,-37.8835001],[145.0532814,-37.8834352],[145.0530443,-37.8833823],[145.0527696,-37.8833053],[145.0522953,-37.8831543],[145.0518753,-37.8829889],[145.0518283,-37.8829517],[145.051808,-37.882908],[145.0518187,-37.8828567]]}},{"type":"Feature","id":"51184619","properties":{"osmWayId":"51184619","name":"Dandenong Road","parkingStatus":"unknown"},"geometry":{"type":"LineString","coordinates":[[145.0561916,-37.8838738],[145.0562111,-37.8837728]]}},{"type":"Feature","id":"51184630","properties":{"osmWayId":"51184630","name":"Dandenong Road","parkingStatus":"unknown"},"geometry":{"type":"LineString","coordinates":[[145.0536603,-37.8835001],[145.053685,-37.8833999]]}},{"type":"Feature","id":"51184677","properties":{"osmWayId":"51184677","name":"Gibson Street","parkingStatus":"unknown"},"geometry":{"type":"LineString","coordinates":[[145.0481995,-37.8802804],[145.0481891,-37.8803396],[145.0480836,-37.880942]]}},{"type":"Feature","id":"51184716","properties":{"osmWayId":"51184716","name":"Dandenong Road","parkingStatus":"unknown"},"geometry":{"type":"LineString","coordinates":[[145.0508808,-37.8821296],[145.0508228,-37.8822191],[145.0507898,-37.8822635]]}},{"type":"Feature","id":"51184732","properties":{"osmWayId":"51184732","name":"Dandenong Road","parkingStatus":"unknown"},"geometry":{"type":"LineString","coordinates":[[145.0507898,-37.8822635],[145.0507047,-37.8823149],[145.0506739,-37.8823215],[145.0506323,-37.8823139],[145.0505443,-37.8822532],[145.0503539,-37.8821193],[145.0502365,-37.8820209],[145.0499864,-37.8817827],[145.0498797,-37.8816756],[145.0496655,-37.8814423],[145.0496305,-37.8814039]]}},{"type":"Feature","id":"57884756","properties":{"osmWayId":"57884756","name":"Terminus Lane","parkingStatus":"unknown"},"geometry":{"type":"LineString","coordinates":[[145.0566947,-37.8775281],[145.0567787,-37.877535],[145.0567957,-37.8775364],[145.0572856,-37.8775936],[145.0577842,-37.8776594],[145.0577994,-37.8776612],[145.0578778,-37.8776702],[145.0579522,-37.8776791],[145.0581044,-37.8776973],[145.0585223,-37.8777453],[145.0590635,-37.8778092],[145.0591046,-37.8778139],[145.0592033,-37.8778252]]}},{"type":"Feature","id":"57884758","properties":{"osmWayId":"57884758","name":"Unnamed road","parkingStatus":"unknown"},"geometry":{"type":"LineString","coordinates":[[145.0585223,-37.8777453],[145.0582598,-37.8791381],[145.0582519,-37.8791802],[145.057725,-37.8820365],[145.0577141,-37.8820958],[145.0577022,-37.8821583],[145.0575088,-37.883171]]}},{"type":"Feature","id":"57884770","properties":{"osmWayId":"57884770","name":"Unnamed road","parkingStatus":"unknown"},"geometry":{"type":"LineString","coordinates":[[145.0581573,-37.8767123],[145.0582349,-37.8767241],[145.0587748,-37.8767884],[145.0592493,-37.8742739],[145.0592634,-37.8741994],[145.0592772,-37.8741287],[145.0593559,-37.8737269],[145.0581406,-37.8735795],[145.0558637,-37.873303],[145.0557892,-37.873294]]}},{"type":"Feature","id":"57987995","properties":{"osmWayId":"57987995","name":"Unnamed road","parkingStatus":"unknown"},"geometry":{"type":"LineString","coordinates":[[145.0581573,-37.8767123],[145.0580821,-37.8767012],[145.0575494,-37.8766374],[145.058037,-37.8741282],[145.0580514,-37.8740543],[145.0580651,-37.8739812],[145.0581406,-37.8735795]]}},{"type":"Feature","id":"57988738","properties":{"osmWayId":"57988738","name":"Unnamed road","parkingStatus":"unknown"},"geometry":{"type":"LineString","coordinates":[[145.0572856,-37.8775936],[145.0570224,-37.8790299]]}},{"type":"Feature","id":"58055853","properties":{"osmWayId":"58055853","name":"Merric Lane","parkingStatus":"unknown"},"geometry":{"type":"LineString","coordinates":[[145.0660375,-37.8887336],[145.0660278,-37.8887935],[145.0659108,-37.8894318],[145.0664275,-37.8896668],[145.0665177,-37.8897085]]}},{"type":"Feature","id":"58154433","properties":{"osmWayId":"58154433","name":"Liddelow Lane","parkingStatus":"unknown"},"geometry":{"type":"LineString","coordinates":[[145.0524167,-37.8802955],[145.0523372,-37.8802858],[145.0517819,-37.8802183],[145.0512356,-37.8801488],[145.0511554,-37.8801386]]}},{"type":"Feature","id":"58154483","properties":{"osmWayId":"58154483","name":"Unnamed road","parkingStatus":"unknown"},"geometry":{"type":"LineString","coordinates":[[145.0517819,-37.8802183],[145.0515307,-37.8815726],[145.0515183,-37.8816086]]}},{"type":"Feature","id":"58154502","properties":{"osmWayId":"58154502","name":"Unnamed road","parkingStatus":"unknown"},"geometry":{"type":"LineString","coordinates":[[145.050949,-37.8812482],[145.0510146,-37.8812897],[145.0515183,-37.8816086],[145.0520141,-37.8819153],[145.0520251,-37.8819208],[145.0520451,-37.8819309],[145.0520993,-37.8819453]]}},{"type":"Feature","id":"58154628","properties":{"osmWayId":"58154628","name":"Unnamed road","parkingStatus":"unknown"},"geometry":{"type":"LineString","coordinates":[[145.0514235,-37.878769],[145.0513467,-37.8787596],[145.0508092,-37.8786936],[145.0504855,-37.8786536],[145.0497517,-37.8785691],[145.0496637,-37.878559]]}},{"type":"Feature","id":"58155322","properties":{"osmWayId":"58155322","name":"Unnamed road","parkingStatus":"unknown"},"geometry":{"type":"LineString","coordinates":[[145.0516292,-37.8778502],[145.0515487,-37.8778403],[145.0494236,-37.8775775],[145.0494175,-37.8775769],[145.0493474,-37.8775702],[145.049264,-37.8775617],[145.0492555,-37.8775608],[145.0486368,-37.8774838]]}},{"type":"Feature","id":"58155336","properties":{"osmWayId":"58155336","name":"Unnamed road","parkingStatus":"unknown"},"geometry":{"type":"LineString","coordinates":[[145.0504451,-37.8800192],[145.050363,-37.8800108],[145.0499456,-37.8799677],[145.0499104,-37.8799437],[145.0490337,-37.8788114],[145.048576,-37.878238],[145.0485638,-37.8782185],[145.0485194,-37.8781477],[145.0485259,-37.8780926],[145.0486368,-37.8774838],[145.048714,-37.877082],[145.0487252,-37.877024]]}},{"type":"Feature","id":"58155569","properties":{"osmWayId":"58155569","name":"Unnamed road","parkingStatus":"unknown"},"geometry":{"type":"LineString","coordinates":[[145.0486819,-37.8770197],[145.0486934,-37.876955],[145.0487629,-37.8765649],[145.0488475,-37.8761321],[145.0488605,-37.8760658],[145.0488634,-37.876051]]}},{"type":"Feature","id":"58155768","properties":{"osmWayId":"58155768","name":"Unnamed road","parkingStatus":"unknown"},"geometry":{"type":"LineString","coordinates":[[145.0487629,-37.8765649],[145.0503249,-37.8767529],[145.0504077,-37.8767629],[145.0504775,-37.8767713],[145.0517275,-37.8769222],[145.0518039,-37.8769314],[145.0518803,-37.8769407],[145.0536346,-37.8771538]]}},{"type":"Feature","id":"58358309","properties":{"osmWayId":"58358309","name":"Unnamed road","parkingStatus":"unknown"},"geometry":{"type":"LineString","coordinates":[[145.0565612,-37.8884299],[145.0560502,-37.8883757],[145.0559498,-37.888363]]}},{"type":"Feature","id":"58358310","properties":{"osmWayId":"58358310","name":"Unnamed road","parkingStatus":"unknown"},"geometry":{"type":"LineString","coordinates":[[145.0565859,-37.8882872],[145.0562011,-37.8882413],[145.0560773,-37.8882258],[145.0559755,-37.8882143]]}},{"type":"Feature","id":"58358311","properties":{"osmWayId":"58358311","name":"Unnamed road","parkingStatus":"unknown"},"geometry":{"type":"LineString","coordinates":[[145.0566364,-37.8879781],[145.0561324,-37.8879212],[145.0560363,-37.8879104]]}},{"type":"Feature","id":"58358312","properties":{"osmWayId":"58358312","name":"Unnamed road","parkingStatus":"unknown"},"geometry":{"type":"LineString","coordinates":[[145.0566364,-37.8879781],[145.0566129,-37.8881315],[145.0565859,-37.8882872],[145.0565612,-37.8884299],[145.0565313,-37.888598],[145.0560169,-37.8885386],[145.0559183,-37.8885286]]}},{"type":"Feature","id":"58358313","properties":{"osmWayId":"58358313","name":"Unnamed road","parkingStatus":"unknown"},"geometry":{"type":"LineString","coordinates":[[145.0567323,-37.8873875],[145.0567366,-37.8874178],[145.0566364,-37.8879781]]}},{"type":"Feature","id":"58358350","properties":{"osmWayId":"58358350","name":"Unnamed road","parkingStatus":"unknown"},"geometry":{"type":"LineString","coordinates":[[145.0562011,-37.8882413],[145.0562275,-37.88809],[145.0566129,-37.8881315]]}},{"type":"Feature","id":"58358485","properties":{"osmWayId":"58358485","name":"Unnamed road","parkingStatus":"unknown"},"geometry":{"type":"LineString","coordinates":[[145.0582847,-37.8884845],[145.058191,-37.8884729],[145.0580675,-37.8884576],[145.0578724,-37.8884335],[145.0578141,-37.8884263],[145.0577629,-37.88842]]}},{"type":"Feature","id":"58358501","properties":{"osmWayId":"58358501","name":"Unnamed road","parkingStatus":"unknown"},"geometry":{"type":"LineString","coordinates":[[145.0542369,-37.883588],[145.0542205,-37.8836749],[145.0541495,-37.8840522],[145.0541424,-37.88409],[145.0542753,-37.8841516],[145.0544512,-37.8842331],[145.0546328,-37.8843173],[145.0548144,-37.8844014]]}},{"type":"Feature","id":"58358548","properties":{"osmWayId":"58358548","name":"Unnamed road","parkingStatus":"unknown"},"geometry":{"type":"LineString","coordinates":[[145.0542459,-37.8942596],[145.0542395,-37.8943211],[145.0542413,-37.8943354],[145.0543255,-37.8944662],[145.0543777,-37.8944481],[145.0544332,-37.8944413],[145.0544732,-37.8944429],[145.0547913,-37.8944753],[145.0550973,-37.8945105],[145.055172,-37.8945252],[145.0552446,-37.8945475],[145.0553366,-37.8945905],[145.0554017,-37.8946202],[145.0554673,-37.89464],[145.0555079,-37.8944148]]}},{"type":"Feature","id":"58455164","properties":{"osmWayId":"58455164","name":"Bute Street","parkingStatus":"unknown"},"geometry":{"type":"LineString","coordinates":[[145.070889,-37.895673],[145.0708802,-37.8957227],[145.0708123,-37.8961075],[145.0708022,-37.8961604]]}},{"type":"Feature","id":"58455202","properties":{"osmWayId":"58455202","name":"Unnamed road","parkingStatus":"unknown"},"geometry":{"type":"LineString","coordinates":[[145.0709746,-37.8962644],[145.0712226,-37.8962965],[145.0712572,-37.8963189],[145.0712572,-37.8963462],[145.0711941,-37.8963799],[145.071123,-37.8964264],[145.0710915,-37.8964569],[145.0709022,-37.8964175],[145.0709238,-37.8963061],[145.0709746,-37.8962644]]}},{"type":"Feature","id":"58681993","properties":{"osmWayId":"58681993","name":"Unnamed road","parkingStatus":"unknown"},"geometry":{"type":"LineString","coordinates":[[145.0590099,-37.8853559],[145.0590214,-37.8852974],[145.0591025,-37.8848851],[145.0591881,-37.8844044],[145.059201,-37.8843331]]}},{"type":"Feature","id":"58699360","properties":{"osmWayId":"58699360","name":"Unnamed road","parkingStatus":"unknown"},"geometry":{"type":"LineString","coordinates":[[145.0543255,-37.8944662],[145.0542901,-37.8944834],[145.0539587,-37.8946438]]}},{"type":"Feature","id":"58699432","properties":{"osmWayId":"58699432","name":"Unnamed road","parkingStatus":"unknown"},"geometry":{"type":"LineString","coordinates":[[145.0448832,-37.8945597],[145.0448998,-37.8944761],[145.045012,-37.8939113],[145.0451221,-37.8933538],[145.0451379,-37.8932738]]}},{"type":"Feature","id":"58699434","properties":{"osmWayId":"58699434","name":"Unnamed road","parkingStatus":"unknown"},"geometry":{"type":"LineString","coordinates":[[145.045012,-37.8939113],[145.0437631,-37.893765],[145.042503,-37.8936173],[145.0426164,-37.8930534],[145.0426316,-37.8929776]]}},{"type":"Feature","id":"58776345","properties":{"osmWayId":"58776345","name":"Unnamed road","parkingStatus":"unknown"},"geometry":{"type":"LineString","coordinates":[[145.0581819,-37.883253],[145.0580827,-37.8832409],[145.0575088,-37.883171],[145.0569529,-37.883103],[145.056856,-37.8830912]]}},{"type":"Feature","id":"58776453","properties":{"osmWayId":"58776453","name":"Unnamed road","parkingStatus":"unknown"},"geometry":{"type":"LineString","coordinates":[[145.056952,-37.879021],[145.0564215,-37.8818795],[145.0564103,-37.88194]]}},{"type":"Feature","id":"60201349","properties":{"osmWayId":"60201349","name":"Unnamed road","parkingStatus":"unknown"},"geometry":{"type":"LineString","coordinates":[[145.0579698,-37.8873686],[145.0580366,-37.8870537],[145.0581473,-37.8864944],[145.0581571,-37.8864447]]}},{"type":"Feature","id":"60201356","properties":{"osmWayId":"60201356","name":"Unnamed road","parkingStatus":"unknown"},"geometry":{"type":"LineString","coordinates":[[145.0580366,-37.8870537],[145.0584106,-37.8870994],[145.0584748,-37.8871072]]}},{"type":"Feature","id":"60201367","properties":{"osmWayId":"60201367","name":"Unnamed road","parkingStatus":"unknown"},"geometry":{"type":"LineString","coordinates":[[145.0576041,-37.8892652],[145.0576144,-37.8892102],[145.0576924,-37.8887954],[145.0577629,-37.88842],[145.057776,-37.8883469],[145.0579213,-37.8874983],[145.057926,-37.8874808]]}},{"type":"Feature","id":"60434659","properties":{"osmWayId":"60434659","name":"Railway Parade","parkingStatus":"unknown"},"geometry":{"type":"LineString","coordinates":[[145.0675949,-37.890676],[145.0676659,-37.8907102],[145.0677642,-37.8907583],[145.0687474,-37.8912072],[145.0688739,-37.8912614],[145.0689431,-37.8912817],[145.0690273,-37.8913063],[145.069162,-37.8913462],[145.069541,-37.8914576],[145.0697767,-37.8915241],[145.0698848,-37.8915628],[145.0699908,-37.8916122],[145.0707784,-37.8919689],[145.0710807,-37.8921069],[145.0717226,-37.8924117],[145.0720342,-37.8925625],[145.0736268,-37.8932695],[145.0753538,-37.8940253],[145.0759131,-37.8942731],[145.0761971,-37.894396]]}},{"type":"Feature","id":"60873263","properties":{"osmWayId":"60873263","name":"Dandenong Road","parkingStatus":"unknown"},"geometry":{"type":"LineString","coordinates":[[145.0672739,-37.8847223],[145.0671512,-37.8848047],[145.0671063,-37.8848253],[145.0661755,-37.8848407],[145.0648919,-37.8848722],[145.0640671,-37.8848893],[145.0635356,-37.8848936],[145.0631882,-37.8848893],[145.0630273,-37.8848777],[145.0629245,-37.8848683],[145.0627738,-37.8848491],[145.0625785,-37.8848197],[145.0622013,-37.8847628],[145.0609365,-37.8845776],[145.0603116,-37.8844871],[145.060059,-37.8844526],[145.0600281,-37.8844495],[145.0599731,-37.8844464],[145.0599346,-37.8844418],[145.0594451,-37.884371],[145.0594273,-37.884369],[145.0594073,-37.8843687],[145.0593794,-37.8843686],[145.0593579,-37.8843676],[145.0593276,-37.8843637],[145.0592986,-37.8843573],[145.059201,-37.8843331]]}},{"type":"Feature","id":"60873269","properties":{"osmWayId":"60873269","name":"Dandenong Road","parkingStatus":"unknown"},"geometry":{"type":"LineString","coordinates":[[145.0661755,-37.8848407],[145.0661038,-37.8847417]]}},{"type":"Feature","id":"60873309","properties":{"osmWayId":"60873309","name":"Unnamed road","parkingStatus":"unknown"},"geometry":{"type":"LineString","coordinates":[[145.06798,-37.8848227],[145.0679712,-37.8848931],[145.067898,-37.8852489],[145.0674566,-37.8852544],[145.067357,-37.8852579]]}},{"type":"Feature","id":"60873368","properties":{"osmWayId":"60873368","name":"Unnamed road","parkingStatus":"unknown"},"geometry":{"type":"LineString","coordinates":[[145.0453986,-37.885467],[145.0449403,-37.8862802],[145.0445408,-37.8861417],[145.0444736,-37.8861183]]}},{"type":"Feature","id":"60873563","properties":{"osmWayId":"60873563","name":"Unnamed road","parkingStatus":"unknown"},"geometry":{"type":"LineString","coordinates":[[145.0427482,-37.8923208],[145.0450998,-37.8926105]]}},{"type":"Feature","id":"60873811","properties":{"osmWayId":"60873811","name":"Unnamed road","parkingStatus":"unknown"},"geometry":{"type":"LineString","coordinates":[[145.0442305,-37.8902367],[145.0444329,-37.8907397],[145.0444702,-37.8908324],[145.0444997,-37.8909141],[145.0446801,-37.8914138],[145.0448579,-37.8919323],[145.0448854,-37.8920203],[145.0449157,-37.8921037],[145.0450998,-37.8926105],[145.0451964,-37.892873],[145.0451505,-37.8931877],[145.0451379,-37.8932738]]}},{"type":"Feature","id":"60873852","properties":{"osmWayId":"60873852","name":"Unnamed road","parkingStatus":"unknown"},"geometry":{"type":"LineString","coordinates":[[145.0446801,-37.8914138],[145.0429571,-37.8912158]]}},{"type":"Feature","id":"60874656","properties":{"osmWayId":"60874656","name":"Unnamed road","parkingStatus":"unknown"},"geometry":{"type":"LineString","coordinates":[[145.0420209,-37.8962084],[145.0445111,-37.8964914]]}},{"type":"Feature","id":"60874727","properties":{"osmWayId":"60874727","name":"Unnamed road","parkingStatus":"unknown"},"geometry":{"type":"LineString","coordinates":[[145.0443961,-37.8971414],[145.0444118,-37.8970529],[145.0445111,-37.8964914],[145.0445564,-37.8962682],[145.0446251,-37.8959298],[145.0446422,-37.8958456]]}},{"type":"Feature","id":"60874822","properties":{"osmWayId":"60874822","name":"Unnamed road","parkingStatus":"unknown"},"geometry":{"type":"LineString","coordinates":[[145.0447684,-37.8952027],[145.0422631,-37.8949152]]}},{"type":"Feature","id":"61696536","properties":{"osmWayId":"61696536","name":"Unnamed road","parkingStatus":"unknown"},"geometry":{"type":"LineString","coordinates":[[145.0456485,-37.8920784],[145.0457608,-37.8920909],[145.0473467,-37.8922673]]}},{"type":"Feature","id":"61696547","properties":{"osmWayId":"61696547","name":"Unnamed road","parkingStatus":"unknown"},"geometry":{"type":"LineString","coordinates":[[145.0457545,-37.892376],[145.0458673,-37.8923889],[145.046803,-37.8924959]]}},{"type":"Feature","id":"61696548","properties":{"osmWayId":"61696548","name":"Unnamed road","parkingStatus":"unknown"},"geometry":{"type":"LineString","coordinates":[[145.0459124,-37.8928196],[145.04602,-37.8928247],[145.0460797,-37.8928281],[145.0469365,-37.8929362]]}},{"type":"Feature","id":"61696551","properties":{"osmWayId":"61696551","name":"Unnamed road","parkingStatus":"unknown"},"geometry":{"type":"LineString","coordinates":[[145.0493363,-37.8925171],[145.0492627,-37.8925075],[145.04913,-37.8924903],[145.0488233,-37.8924502],[145.0487305,-37.8924365],[145.0485251,-37.8923844],[145.0484989,-37.8923768],[145.0484262,-37.8923557]]}},{"type":"Feature","id":"61696553","properties":{"osmWayId":"61696553","name":"Unnamed road","parkingStatus":"unknown"},"geometry":{"type":"LineString","coordinates":[[145.0492155,-37.8931721],[145.0491355,-37.8931603],[145.0489854,-37.893138],[145.0486719,-37.8930858],[145.0486406,-37.8930702],[145.0486115,-37.8930457],[145.0482662,-37.8926734],[145.0482199,-37.8926277]]}},{"type":"Feature","id":"68868071","properties":{"osmWayId":"68868071","name":"Queens Avenue","parkingStatus":"unknown"},"geometry":{"type":"LineString","coordinates":[[145.0443873,-37.8796146],[145.0443435,-37.8798443],[145.0441879,-37.8806388],[145.043984,-37.8816861],[145.043784,-37.882714],[145.0435833,-37.8837453],[145.0435058,-37.8841407],[145.043396,-37.8847112],[145.0431259,-37.8860971],[145.0431008,-37.886213],[145.0430846,-37.8862805],[145.0430595,-37.8863571],[145.0430267,-37.8864211],[145.0428578,-37.8866513],[145.042819,-37.8867156],[145.0428015,-37.8867447],[145.0427419,-37.8868402]]}},{"type":"Feature","id":"75377557","properties":{"osmWayId":"75377557","name":"Waverley Road","parkingStatus":"unknown"},"geometry":{"type":"LineString","coordinates":[[145.0481782,-37.8759684],[145.0482816,-37.8759814],[145.0483183,-37.875986],[145.0488634,-37.876051]]}},{"type":"Feature","id":"75500748","properties":{"osmWayId":"75500748","name":"Waverley Road","parkingStatus":"unknown"},"geometry":{"type":"LineString","coordinates":[[145.0581475,-37.8771805],[145.0583209,-37.8771893],[145.0585239,-37.8771966],[145.0589767,-37.8772494],[145.0591599,-37.8772719],[145.0591944,-37.8772761],[145.0592934,-37.8773196]]}},{"type":"Feature","id":"75500750","properties":{"osmWayId":"75500750","name":"Darling Road","parkingStatus":"unknown"},"geometry":{"type":"LineString","coordinates":[[145.0593649,-37.876951],[145.0593305,-37.8771466],[145.0593186,-37.877214],[145.0593143,-37.8772384],[145.0592934,-37.8773196]]}},{"type":"Feature","id":"75500752","properties":{"osmWayId":"75500752","name":"Darling Road","parkingStatus":"unknown"},"geometry":{"type":"LineString","coordinates":[[145.0592033,-37.8778252],[145.0589463,-37.8791935],[145.0589332,-37.8792604],[145.0588594,-37.8796651],[145.0585975,-37.8810538],[145.0583852,-37.8821777],[145.0581819,-37.883253]]}},{"type":"Feature","id":"75500844","properties":{"osmWayId":"75500844","name":"Unnamed road","parkingStatus":"unknown"},"geometry":{"type":"LineString","coordinates":[[145.0529041,-37.8784887],[145.0528428,-37.8784804],[145.0527673,-37.8784702]]}},{"type":"Feature","id":"75500845","properties":{"osmWayId":"75500845","name":"Unnamed road","parkingStatus":"unknown"},"geometry":{"type":"LineString","coordinates":[[145.053014,-37.8784019],[145.0528975,-37.8783864],[145.0528619,-37.8783806],[145.0527882,-37.8783685]]}},{"type":"Feature","id":"75501516","properties":{"osmWayId":"75501516","name":"Unnamed road","parkingStatus":"unknown"},"geometry":{"type":"LineString","coordinates":[[145.055488,-37.877389],[145.0553673,-37.877374],[145.0543185,-37.8772458]]}},{"type":"Feature","id":"75508201","properties":{"osmWayId":"75508201","name":"Sir John Monash Drive","parkingStatus":"unknown"},"geometry":{"type":"LineString","coordinates":[[145.0446153,-37.8778967],[145.0444808,-37.8778609],[145.0444004,-37.8778335],[145.0442682,-37.8777869]]}},{"type":"Feature","id":"75508263","properties":{"osmWayId":"75508263","name":"Queens Avenue","parkingStatus":"unknown"},"geometry":{"type":"LineString","coordinates":[[145.0446482,-37.8777834],[145.0446609,-37.8777572],[145.044672,-37.8777332],[145.0446831,-37.8777029],[145.0446892,-37.8776848],[145.0446949,-37.8776663],[145.0447051,-37.8776231],[145.0447175,-37.8775695],[145.0447199,-37.8775594],[145.0447224,-37.8775459],[145.0447238,-37.8775339],[145.0447236,-37.8775242],[145.0447215,-37.8775142],[145.044714,-37.8774922]]}},{"type":"Feature","id":"75508273","properties":{"osmWayId":"75508273","name":"Sir John Monash Drive","parkingStatus":"unknown"},"geometry":{"type":"LineString","coordinates":[[145.0447737,-37.8778019],[145.0449073,-37.8778358],[145.0449811,-37.8778562],[145.0451403,-37.877902]]}},{"type":"Feature","id":"75508277","properties":{"osmWayId":"75508277","name":"Sir John Monash Drive","parkingStatus":"unknown"},"geometry":{"type":"LineString","coordinates":[[145.0451403,-37.877902],[145.0448958,-37.8778976],[145.0448456,-37.8779034],[145.0448067,-37.8779075],[145.0447598,-37.8779127]]}},{"type":"Feature","id":"75508278","properties":{"osmWayId":"75508278","name":"Sir John Monash Drive","parkingStatus":"unknown"},"geometry":{"type":"LineString","coordinates":[[145.0442682,-37.8777869],[145.0444912,-37.8778028],[145.044564,-37.8777996],[145.0446361,-37.8777897]]}},{"type":"Feature","id":"75508280","properties":{"osmWayId":"75508280","name":"Queens Avenue","parkingStatus":"unknown"},"geometry":{"type":"LineString","coordinates":[[145.0447459,-37.8779202],[145.0447281,-37.8779549],[145.0447226,-37.877968],[145.0447082,-37.8779933],[145.044676,-37.8780526],[145.0446465,-37.8781124]]}},{"type":"Feature","id":"75508281","properties":{"osmWayId":"75508281","name":"Queens Avenue","parkingStatus":"unknown"},"geometry":{"type":"LineString","coordinates":[[145.0446465,-37.8781124],[145.0446371,-37.8780494],[145.0446327,-37.8779958],[145.0446303,-37.8779574],[145.0446224,-37.8779039]]}},{"type":"Feature","id":"77574649","properties":{"osmWayId":"77574649","name":"Grange Road","parkingStatus":"unknown"},"geometry":{"type":"LineString","coordinates":[[145.0451627,-37.8980954],[145.0451438,-37.8981977]]}},{"type":"Feature","id":"77574651","properties":{"osmWayId":"77574651","name":"Grange Road","parkingStatus":"unknown"},"geometry":{"type":"LineString","coordinates":[[145.0451438,-37.8981977],[145.0451302,-37.898272],[145.0451273,-37.8982877],[145.0451195,-37.8983294],[145.0449763,-37.8990499],[145.0449302,-37.8992825],[145.044748,-37.9002041],[145.0447026,-37.9004334],[145.0446909,-37.9004925]]}},{"type":"Feature","id":"80216667","properties":{"osmWayId":"80216667","name":"Unnamed road","parkingStatus":"unknown"},"geometry":{"type":"LineString","coordinates":[[145.0459698,-37.8764646],[145.0461132,-37.8763607],[145.0463213,-37.876207],[145.0474665,-37.876346],[145.0479858,-37.8764136],[145.0480901,-37.8764272]]}},{"type":"Feature","id":"80216668","properties":{"osmWayId":"80216668","name":"Unnamed road","parkingStatus":"unknown"},"geometry":{"type":"LineString","coordinates":[[145.0471503,-37.8775356],[145.0472426,-37.8774542],[145.0472639,-37.8774279],[145.0474153,-37.8766199],[145.0474665,-37.876346]]}},{"type":"Feature","id":"80216678","properties":{"osmWayId":"80216678","name":"Unnamed road","parkingStatus":"unknown"},"geometry":{"type":"LineString","coordinates":[[145.0447393,-37.8807073],[145.0447504,-37.8806458],[145.0448996,-37.879818]]}},{"type":"Feature","id":"80506551","properties":{"osmWayId":"80506551","name":"Unnamed road","parkingStatus":"unknown"},"geometry":{"type":"LineString","coordinates":[[145.0558334,-37.8922365],[145.0558434,-37.8921765],[145.0559168,-37.8917341],[145.0547782,-37.8915912],[145.0547055,-37.8920384],[145.0546955,-37.8921]]}},{"type":"Feature","id":"80506553","properties":{"osmWayId":"80506553","name":"Unnamed road","parkingStatus":"unknown"},"geometry":{"type":"LineString","coordinates":[[145.0550102,-37.8926538],[145.05486,-37.8926379],[145.0549496,-37.8921933],[145.054962,-37.892132]]}},{"type":"Feature","id":"132206103","properties":{"osmWayId":"132206103","name":"Waverley Road","parkingStatus":"unknown"},"geometry":{"type":"LineString","coordinates":[[145.0628243,-37.8777464],[145.0623401,-37.8776872],[145.0616277,-37.8775986],[145.0608244,-37.8775038],[145.0604723,-37.8774605],[145.0594561,-37.8773402],[145.0594002,-37.8773336],[145.0592934,-37.8773196]]}},{"type":"Feature","id":"144938113","properties":{"osmWayId":"144938113","name":"Waverley Road","parkingStatus":"unknown"},"geometry":{"type":"LineString","coordinates":[[145.0785301,-37.8786396],[145.0782167,-37.8787159],[145.0772628,-37.8789465],[145.0771405,-37.8789766],[145.0760642,-37.879237],[145.0759806,-37.8792579],[145.0751667,-37.8794514],[145.0745837,-37.8795901],[145.074129,-37.8796974],[145.0737937,-37.879761],[145.0733995,-37.8797964],[145.0723835,-37.879896],[145.0721418,-37.8799149],[145.0720524,-37.8799193],[145.0717785,-37.8799261],[145.0716625,-37.8799247],[145.0716271,-37.8799241],[145.0715715,-37.8799231],[145.0715165,-37.8799218],[145.0714792,-37.8799207],[145.0714623,-37.8799203],[145.0712905,-37.8799118],[145.0711255,-37.8798982],[145.0709419,-37.8798763],[145.070646,-37.8798281],[145.070393,-37.8797756],[145.0701915,-37.8797244],[145.0699982,-37.8796667],[145.0696951,-37.8795624],[145.0696679,-37.8795514]]}},{"type":"Feature","id":"168809673","properties":{"osmWayId":"168809673","name":"Neerim Road","parkingStatus":"unknown"},"geometry":{"type":"LineString","coordinates":[[145.0695458,-37.8907291],[145.0694471,-37.8907086],[145.0693485,-37.8906784]]}},{"type":"Feature","id":"194856621","properties":{"osmWayId":"194856621","name":"Unnamed road","parkingStatus":"unknown"},"geometry":{"type":"LineString","coordinates":[[145.0728833,-37.8946739],[145.0727982,-37.8946631],[145.0713682,-37.8944812]]}},{"type":"Feature","id":"194871352","properties":{"osmWayId":"194871352","name":"Koornang Road","parkingStatus":"unknown"},"geometry":{"type":"LineString","coordinates":[[145.0562072,-37.8937312],[145.0561741,-37.8938884],[145.0561696,-37.8939151],[145.0561618,-37.8939519],[145.0561597,-37.8939619],[145.0561418,-37.8940481],[145.056136,-37.894079],[145.0560912,-37.894319]]}},{"type":"Feature","id":"194871355","properties":{"osmWayId":"194871355","name":"Neerim Road","parkingStatus":"unknown"},"geometry":{"type":"LineString","coordinates":[[145.058112,-37.8893241],[145.0583246,-37.8893488]]}},{"type":"Feature","id":"202951720","properties":{"osmWayId":"202951720","name":"Neerim Road","parkingStatus":"unknown"},"geometry":{"type":"LineString","coordinates":[[145.0461327,-37.8872635],[145.0462491,-37.8872783],[145.0462621,-37.8872799]]}},{"type":"Feature","id":"203047995","properties":{"osmWayId":"203047995","name":"Leila Road","parkingStatus":"unknown"},"geometry":{"type":"LineString","coordinates":[[145.0449794,-37.9005532],[145.0463286,-37.9007135],[145.0471291,-37.9008072],[145.0480947,-37.9009231],[145.049395,-37.9010802],[145.0506455,-37.9012317],[145.0511557,-37.9012955],[145.0520075,-37.9014012],[145.0535308,-37.9015888],[145.0542626,-37.9016789]]}},{"type":"Feature","id":"203048344","properties":{"osmWayId":"203048344","name":"Koornang Road","parkingStatus":"unknown"},"geometry":{"type":"LineString","coordinates":[[145.0559451,-37.8950968],[145.0558839,-37.8954244],[145.0558787,-37.8954524],[145.055842,-37.8956492],[145.0558335,-37.8956947],[145.0558114,-37.8958126],[145.0558069,-37.895836],[145.0557999,-37.895873],[145.0557764,-37.8959992],[145.0557221,-37.8962913],[145.0557107,-37.8963507],[145.0556333,-37.8967585],[145.0554874,-37.8975242],[145.0554798,-37.8975645],[145.0554617,-37.897661],[145.0553689,-37.8981518],[145.055364,-37.8981777],[145.0553607,-37.8981944],[145.055348,-37.8982596],[145.0553399,-37.8983041]]}},{"type":"Feature","id":"203048348","properties":{"osmWayId":"203048348","name":"Murrumbeena Road","parkingStatus":"unknown"},"geometry":{"type":"LineString","coordinates":[[145.065305,-37.896197],[145.0652977,-37.8962382],[145.0652748,-37.896369]]}},{"type":"Feature","id":"203048349","properties":{"osmWayId":"203048349","name":"Murrumbeena Road","parkingStatus":"unknown"},"geometry":{"type":"LineString","coordinates":[[145.0650213,-37.8976945],[145.0648425,-37.8986443],[145.0648348,-37.8986856],[145.0647212,-37.8993154]]}},{"type":"Feature","id":"205397658","properties":{"osmWayId":"205397658","name":"Murrumbeena Road","parkingStatus":"unknown"},"geometry":{"type":"LineString","coordinates":[[145.064688,-37.8994881],[145.0645584,-37.9001808],[145.064492,-37.9005428],[145.0644831,-37.9005931],[145.0644051,-37.9010045],[145.0642978,-37.9015905],[145.0642814,-37.9016783]]}},{"type":"Feature","id":"205397659","properties":{"osmWayId":"205397659","name":"Neerim Road","parkingStatus":"unknown"},"geometry":{"type":"LineString","coordinates":[[145.0691508,-37.89059],[145.0687142,-37.8903922],[145.0686446,-37.8903629],[145.068508,-37.8903005],[145.0681733,-37.8901474],[145.0680499,-37.890091]]}},{"type":"Feature","id":"205397660","properties":{"osmWayId":"205397660","name":"Murrumbeena Road","parkingStatus":"unknown"},"geometry":{"type":"LineString","coordinates":[[145.0667004,-37.8887391],[145.0666845,-37.8888151],[145.0666666,-37.8889069]]}},{"type":"Feature","id":"205397661","properties":{"osmWayId":"205397661","name":"Hobart Road","parkingStatus":"unknown"},"geometry":{"type":"LineString","coordinates":[[145.0697698,-37.8884643],[145.0697215,-37.8887183],[145.0696196,-37.8892743],[145.0695882,-37.889451],[145.0695524,-37.8896243],[145.069362,-37.8906077],[145.0693485,-37.8906784]]}},{"type":"Feature","id":"215155714","properties":{"osmWayId":"215155714","name":"Plunkett Avenue","parkingStatus":"unknown"},"geometry":{"type":"LineString","coordinates":[[145.0465748,-37.8994803],[145.0465627,-37.8995411],[145.0463451,-37.9006308],[145.0463286,-37.9007135]]}},{"type":"Feature","id":"218415875","properties":{"osmWayId":"218415875","name":"Truganini Road","parkingStatus":"unknown"},"geometry":{"type":"LineString","coordinates":[[145.0561418,-37.8940481],[145.0560525,-37.8940131],[145.0559479,-37.8939729],[145.0558247,-37.8939198],[145.0557102,-37.8938658],[145.0556,-37.89381],[145.0554946,-37.8937543],[145.05537,-37.8936846],[145.0552207,-37.8935755],[145.0551307,-37.8934891],[145.0549874,-37.8933465]]}},{"type":"Feature","id":"218415876","properties":{"osmWayId":"218415876","name":"Truganini Road","parkingStatus":"unknown"},"geometry":{"type":"LineString","coordinates":[[145.0549874,-37.8933465],[145.0549154,-37.8932828],[145.0548125,-37.8931833],[145.054709,-37.8930708],[145.054626,-37.8929713],[145.0545523,-37.8928745],[145.0544902,-37.8927831],[145.0544297,-37.8926845],[145.0543664,-37.8925715],[145.0543241,-37.892485],[145.0542826,-37.8923949],[145.0542424,-37.8922942],[145.0542149,-37.8922173],[145.0541871,-37.8921255],[145.0541632,-37.8920312],[145.0541387,-37.8919122],[145.0541212,-37.8917934],[145.0541108,-37.8916901],[145.0541073,-37.8916079],[145.0541057,-37.8915109],[145.0541089,-37.8914239],[145.0541148,-37.8913315],[145.0541268,-37.8912235],[145.0541503,-37.8910536],[145.0541532,-37.8910292],[145.054165,-37.8909638],[145.0541671,-37.8909521]]}},{"type":"Feature","id":"218415877","properties":{"osmWayId":"218415877","name":"Truganini Road","parkingStatus":"unknown"},"geometry":{"type":"LineString","coordinates":[[145.0549874,-37.8933465],[145.0550982,-37.8934214],[145.0552677,-37.8935338],[145.0554118,-37.8936107],[145.0555422,-37.8936805],[145.0555623,-37.8936921],[145.055743,-37.8937886],[145.0558788,-37.8938527],[145.0560171,-37.8939153],[145.0560642,-37.8939323],[145.056108,-37.8939459],[145.0561468,-37.8939579],[145.0561597,-37.8939619]]}},{"type":"Feature","id":"218415878","properties":{"osmWayId":"218415878","name":"Unnamed road","parkingStatus":"unknown"},"geometry":{"type":"LineString","coordinates":[[145.0555422,-37.8936805],[145.0555476,-37.8936491],[145.0556073,-37.8932999],[145.0554407,-37.8928669]]}},{"type":"Feature","id":"218439679","properties":{"osmWayId":"218439679","name":"Truganini Road","parkingStatus":"unknown"},"geometry":{"type":"LineString","coordinates":[[145.0541671,-37.8909521],[145.0542,-37.8908188],[145.0542042,-37.8907995],[145.0542106,-37.8907655],[145.0545686,-37.8888633],[145.0546272,-37.8885091],[145.0546336,-37.8884702],[145.0546415,-37.8884226]]}},{"type":"Feature","id":"218439680","properties":{"osmWayId":"218439680","name":"Glen Huntly Road","parkingStatus":"unknown"},"geometry":{"type":"LineString","coordinates":[[145.0454125,-37.8898043],[145.0449993,-37.8897547],[145.044963,-37.8897497],[145.0448151,-37.889732]]}},{"type":"Feature","id":"226886899","properties":{"osmWayId":"226886899","name":"Royal Lane","parkingStatus":"unknown"},"geometry":{"type":"LineString","coordinates":[[145.0442305,-37.8902367],[145.044253,-37.8902079],[145.0445828,-37.8901377]]}},{"type":"Feature","id":"226886902","properties":{"osmWayId":"226886902","name":"Unnamed road","parkingStatus":"unknown"},"geometry":{"type":"LineString","coordinates":[[145.0444986,-37.8892366],[145.0443771,-37.889218],[145.0425612,-37.8889968],[145.042523,-37.8889922]]}},{"type":"Feature","id":"226886926","properties":{"osmWayId":"226886926","name":"Unnamed road","parkingStatus":"unknown"},"geometry":{"type":"LineString","coordinates":[[145.0449551,-37.8893505],[145.0448587,-37.889316],[145.0448131,-37.8893014],[145.0447937,-37.8892974],[145.0447746,-37.8892956],[145.0447564,-37.8892956],[145.0447363,-37.889299],[145.04472,-37.889304],[145.0446824,-37.889324],[145.0445937,-37.8893723]]}},{"type":"Feature","id":"229183234","properties":{"osmWayId":"229183234","name":"Unnamed road","parkingStatus":"unknown"},"geometry":{"type":"LineString","coordinates":[[145.0467872,-37.898379],[145.046771,-37.8984683],[145.0467764,-37.8985425],[145.0467292,-37.8987787]]}},{"type":"Feature","id":"229183235","properties":{"osmWayId":"229183235","name":"Unnamed road","parkingStatus":"unknown"},"geometry":{"type":"LineString","coordinates":[[145.0472063,-37.9004175],[145.047145,-37.9007271],[145.0471291,-37.9008072]]}},{"type":"Feature","id":"229183265","properties":{"osmWayId":"229183265","name":"Unnamed road","parkingStatus":"unknown"},"geometry":{"type":"LineString","coordinates":[[145.0443136,-37.8989689],[145.0448704,-37.8990375],[145.0449763,-37.8990499]]}},{"type":"Feature","id":"303026423","properties":{"osmWayId":"303026423","name":"Unnamed road","parkingStatus":"unknown"},"geometry":{"type":"LineString","coordinates":[[145.0591025,-37.8848851],[145.0590588,-37.8848787]]}},{"type":"Feature","id":"309216752","properties":{"osmWayId":"309216752","name":"Arawatta Street","parkingStatus":"unknown"},"geometry":{"type":"LineString","coordinates":[[145.0591144,-37.8853721],[145.0592068,-37.8853856],[145.0601748,-37.8855265]]}},{"type":"Feature","id":"316738802","properties":{"osmWayId":"316738802","name":"Unnamed road","parkingStatus":"unknown"},"geometry":{"type":"LineString","coordinates":[[145.0560985,-37.8830021],[145.0567654,-37.8830883],[145.0568544,-37.8830998]]}},{"type":"Feature","id":"316738912","properties":{"osmWayId":"316738912","name":"Unnamed road","parkingStatus":"unknown"},"geometry":{"type":"LineString","coordinates":[[145.0561438,-37.8827571],[145.0560985,-37.8830021]]}},{"type":"Feature","id":"344715459","properties":{"osmWayId":"344715459","name":"Rosanna Street","parkingStatus":"unknown"},"geometry":{"type":"LineString","coordinates":[[145.0582579,-37.8987935],[145.0583263,-37.898801],[145.0596126,-37.8989601],[145.0599502,-37.8990027],[145.0601129,-37.8990233],[145.0604552,-37.8990813],[145.0609358,-37.8991396],[145.0610747,-37.8991564],[145.0618006,-37.8992473],[145.0618776,-37.8992569],[145.0620447,-37.8992778],[145.062124,-37.8992878],[145.0631082,-37.899411],[145.0632213,-37.8994236],[145.0633012,-37.899425],[145.0639505,-37.8993838],[145.0640122,-37.8993815],[145.0640782,-37.8993829],[145.0644289,-37.8994277]]}},{"type":"Feature","id":"371849616","properties":{"osmWayId":"371849616","name":"Unnamed road","parkingStatus":"unknown"},"geometry":{"type":"LineString","coordinates":[[145.0716218,-37.87901],[145.0716023,-37.879201],[145.0716173,-37.8792919],[145.0717265,-37.8797055]]}},{"type":"Feature","id":"371849617","properties":{"osmWayId":"371849617","name":"Unnamed road","parkingStatus":"unknown"},"geometry":{"type":"LineString","coordinates":[[145.0717265,-37.8797055],[145.0717598,-37.8798452],[145.0717785,-37.8799261]]}},{"type":"Feature","id":"386597911","properties":{"osmWayId":"386597911","name":"Sir John Monash Drive","parkingStatus":"unknown"},"geometry":{"type":"LineString","coordinates":[[145.0451403,-37.877902],[145.0452344,-37.8779216],[145.0453502,-37.8779379],[145.0454929,-37.8779579],[145.0465728,-37.8780847],[145.0468057,-37.8781056]]}},{"type":"Feature","id":"386598051","properties":{"osmWayId":"386598051","name":"Murrumbeena Road","parkingStatus":"unknown"},"geometry":{"type":"LineString","coordinates":[[145.0674379,-37.8848557],[145.067467,-37.8847211]]}},{"type":"Feature","id":"397221944","properties":{"osmWayId":"397221944","name":"Morton Avenue","parkingStatus":"unknown"},"geometry":{"type":"LineString","coordinates":[[145.0576394,-37.8862145],[145.0577071,-37.8862415],[145.0577255,-37.8862495],[145.0581571,-37.8864447],[145.0585664,-37.8866236],[145.0588391,-37.8867429]]}},{"type":"Feature","id":"438931235","properties":{"osmWayId":"438931235","name":"Eucalypt Avenue","parkingStatus":"unknown"},"geometry":{"type":"LineString","coordinates":[[145.0626749,-37.8785694],[145.0627735,-37.8785811],[145.0631022,-37.8786202],[145.0636948,-37.878693],[145.0637149,-37.878699],[145.0637329,-37.8787135]]}},{"type":"Feature","id":"438931237","properties":{"osmWayId":"438931237","name":"Redgum Lane","parkingStatus":"unknown"},"geometry":{"type":"LineString","coordinates":[[145.06369,-37.8790162],[145.0630679,-37.8789436],[145.0630464,-37.8789405]]}},{"type":"Feature","id":"438931243","properties":{"osmWayId":"438931243","name":"Liquidamber Place","parkingStatus":"unknown"},"geometry":{"type":"LineString","coordinates":[[145.0637329,-37.8787135],[145.0637426,-37.878739],[145.0637418,-37.8787685],[145.0637214,-37.8788941],[145.06369,-37.8790162],[145.0636569,-37.8791899],[145.0636509,-37.879225],[145.0636302,-37.879313],[145.0636171,-37.8793798],[145.0636107,-37.8794566],[145.063579,-37.8796339]]}},{"type":"Feature","id":"448594660","properties":{"osmWayId":"448594660","name":"Pepperell Lane","parkingStatus":"unknown"},"geometry":{"type":"LineString","coordinates":[[145.0519758,-37.8760251],[145.0519012,-37.8760153],[145.0512456,-37.8759334],[145.0507055,-37.8758637],[145.050653,-37.8758576],[145.0505773,-37.8758489]]}},{"type":"Feature","id":"508348758","properties":{"osmWayId":"508348758","name":"Sutherland Street","parkingStatus":"unknown"},"geometry":{"type":"LineString","coordinates":[[145.0702068,-37.8834352],[145.0700359,-37.8843284],[145.0700212,-37.8844051]]}},{"type":"Feature","id":"509733414","properties":{"osmWayId":"509733414","name":"Olive Street","parkingStatus":"unknown"},"geometry":{"type":"LineString","coordinates":[[145.0611798,-37.8756991],[145.0621096,-37.8758133],[145.0626017,-37.8758719],[145.0631858,-37.8759417],[145.0636976,-37.876002],[145.0637751,-37.8760111]]}},{"type":"Feature","id":"544768246","properties":{"osmWayId":"544768246","name":"Beena Avenue","parkingStatus":"unknown"},"geometry":{"type":"LineString","coordinates":[[145.0649056,-37.8892929],[145.0648765,-37.8892579],[145.0647834,-37.8892153],[145.0644964,-37.8890889],[145.0624499,-37.8888443],[145.0623748,-37.8888353]]}},{"type":"Feature","id":"544768247","properties":{"osmWayId":"544768247","name":"Unnamed road","parkingStatus":"unknown"},"geometry":{"type":"LineString","coordinates":[[145.0659043,-37.8902278],[145.0659165,-37.8901606],[145.0659868,-37.8897545],[145.0649338,-37.8896358],[145.0648527,-37.8896267]]}},{"type":"Feature","id":"544768249","properties":{"osmWayId":"544768249","name":"Unnamed road","parkingStatus":"unknown"},"geometry":{"type":"LineString","coordinates":[[145.0668661,-37.8909943],[145.0669276,-37.8906726],[145.0669759,-37.8904956],[145.0669928,-37.8904064]]}},{"type":"Feature","id":"545245803","properties":{"osmWayId":"545245803","name":"Unnamed road","parkingStatus":"unknown"},"geometry":{"type":"LineString","coordinates":[[145.0668142,-37.8887679],[145.0667941,-37.8887624],[145.0667004,-37.8887391]]}},{"type":"Feature","id":"545245804","properties":{"osmWayId":"545245804","name":"Unnamed road","parkingStatus":"unknown"},"geometry":{"type":"LineString","coordinates":[[145.067148,-37.8889872],[145.0671473,-37.8889242],[145.0671472,-37.8889151],[145.0671264,-37.8888539],[145.0670264,-37.8888339],[145.0669292,-37.8888],[145.0668726,-37.8887743],[145.066846,-37.8887711],[145.0668142,-37.8887679]]}},{"type":"Feature","id":"545245805","properties":{"osmWayId":"545245805","name":"Unnamed road","parkingStatus":"unknown"},"geometry":{"type":"LineString","coordinates":[[145.0668142,-37.8887679],[145.0668418,-37.8887922],[145.0668984,-37.8888529],[145.0669427,-37.8888987],[145.0669423,-37.888924],[145.0669424,-37.8889591]]}},{"type":"Feature","id":"545245811","properties":{"osmWayId":"545245811","name":"Unnamed road","parkingStatus":"unknown"},"geometry":{"type":"LineString","coordinates":[[145.067819,-37.8897432],[145.0679067,-37.8897548],[145.0678759,-37.8899274],[145.0678638,-37.8900065]]}},{"type":"Feature","id":"545245813","properties":{"osmWayId":"545245813","name":"Unnamed road","parkingStatus":"unknown"},"geometry":{"type":"LineString","coordinates":[[145.0680062,-37.8895248],[145.0681951,-37.8895468],[145.0684019,-37.8895714]]}},{"type":"Feature","id":"545245814","properties":{"osmWayId":"545245814","name":"Unnamed road","parkingStatus":"unknown"},"geometry":{"type":"LineString","coordinates":[[145.0681951,-37.8895468],[145.0682719,-37.889177],[145.0682839,-37.8891192]]}},{"type":"Feature","id":"545245815","properties":{"osmWayId":"545245815","name":"Unnamed road","parkingStatus":"unknown"},"geometry":{"type":"LineString","coordinates":[[145.0686242,-37.8897098],[145.068905,-37.8897439]]}},{"type":"Feature","id":"545245816","properties":{"osmWayId":"545245816","name":"Unnamed road","parkingStatus":"unknown"},"geometry":{"type":"LineString","coordinates":[[145.0686242,-37.8897098],[145.0685242,-37.8902169],[145.068508,-37.8903005]]}},{"type":"Feature","id":"545245829","properties":{"osmWayId":"545245829","name":"Unnamed road","parkingStatus":"unknown"},"geometry":{"type":"LineString","coordinates":[[145.0682107,-37.8900575],[145.0682026,-37.8900764],[145.0681733,-37.8901474]]}},{"type":"Feature","id":"548630485","properties":{"osmWayId":"548630485","name":"Unnamed road","parkingStatus":"unknown"},"geometry":{"type":"LineString","coordinates":[[145.06941,-37.8999475],[145.0693974,-37.8999503],[145.0693842,-37.8999504],[145.0693715,-37.8999478],[145.0693602,-37.8999428],[145.0693509,-37.8999356],[145.0693442,-37.8999268],[145.0693406,-37.8999169],[145.0693403,-37.8999066],[145.069344,-37.8998954],[145.0693517,-37.8998855],[145.0693627,-37.8998777],[145.0693761,-37.8998728],[145.0693907,-37.8998712],[145.0694053,-37.899873],[145.069418,-37.8998777],[145.0694285,-37.899885],[145.0694361,-37.8998942],[145.0694401,-37.8999048],[145.0694403,-37.8999159],[145.069437,-37.8999259],[145.0694306,-37.8999349],[145.0694213,-37.8999423],[145.06941,-37.8999475]]}},{"type":"Feature","id":"548630486","properties":{"osmWayId":"548630486","name":"Murrumbeena Crescent","parkingStatus":"unknown"},"geometry":{"type":"LineString","coordinates":[[145.0693403,-37.8999066],[145.0692932,-37.899901],[145.0690943,-37.8998768],[145.0683376,-37.8997765],[145.0672153,-37.8996355],[145.0667482,-37.8995733],[145.0660045,-37.8994774],[145.0648269,-37.8993296],[145.0647943,-37.8993252],[145.0647212,-37.8993154]]}},{"type":"Feature","id":"548631122","properties":{"osmWayId":"548631122","name":"Ardyne Street","parkingStatus":"unknown"},"geometry":{"type":"LineString","coordinates":[[145.0681976,-37.8939839],[145.0682072,-37.893934],[145.0684785,-37.8925206],[145.068712,-37.891266],[145.0687474,-37.8912072]]}},{"type":"Feature","id":"548631123","properties":{"osmWayId":"548631123","name":"Innellan Road","parkingStatus":"unknown"},"geometry":{"type":"LineString","coordinates":[[145.0682432,-37.8940331],[145.0682985,-37.8940397],[145.0694031,-37.8941713],[145.0695963,-37.8941936],[145.0697559,-37.894212],[145.0705155,-37.8943005],[145.0706207,-37.8943127]]}},{"type":"Feature","id":"548631124","properties":{"osmWayId":"548631124","name":"Unnamed road","parkingStatus":"unknown"},"geometry":{"type":"LineString","coordinates":[[145.0682201,-37.8940642],[145.0682029,-37.8940705],[145.068184,-37.8940719],[145.0681664,-37.8940685],[145.068151,-37.8940609],[145.0681395,-37.8940499],[145.0681331,-37.8940365],[145.0681324,-37.8940223],[145.0681374,-37.8940085],[145.0681478,-37.8939968],[145.0681623,-37.8939882],[145.0681795,-37.8939838],[145.0681976,-37.8939839],[145.0682155,-37.8939888],[145.0682303,-37.8939982],[145.0682403,-37.8940109],[145.0682444,-37.8940255],[145.0682432,-37.8940331],[145.0682421,-37.8940404],[145.0682337,-37.8940538],[145.0682201,-37.8940642]]}},{"type":"Feature","id":"568838895","properties":{"osmWayId":"568838895","name":"Unnamed road","parkingStatus":"unknown"},"geometry":{"type":"LineString","coordinates":[[145.057577,-37.8840807],[145.0575642,-37.8841592],[145.0574979,-37.8845668],[145.0574791,-37.884612],[145.0574496,-37.8846269],[145.0573269,-37.8846139]]}},{"type":"Feature","id":"576096465","properties":{"osmWayId":"576096465","name":"Chestnut Street","parkingStatus":"unknown"},"geometry":{"type":"LineString","coordinates":[[145.0609881,-37.8843294],[145.0609736,-37.8844015],[145.0609566,-37.8844734]]}},{"type":"Feature","id":"607885064","properties":{"osmWayId":"607885064","name":"Unnamed road","parkingStatus":"unknown"},"geometry":{"type":"LineString","coordinates":[[145.0659498,-37.8861638],[145.0659676,-37.8860865],[145.0659708,-37.8860742],[145.066066,-37.8855979],[145.0658836,-37.885582]]}},{"type":"Feature","id":"607905787","properties":{"osmWayId":"607905787","name":"Unnamed road","parkingStatus":"unknown"},"geometry":{"type":"LineString","coordinates":[[145.0680799,-37.8844411],[145.0680846,-37.884363],[145.0681187,-37.884202],[145.0681559,-37.8840259]]}},{"type":"Feature","id":"608076681","properties":{"osmWayId":"608076681","name":"Unnamed road","parkingStatus":"unknown"},"geometry":{"type":"LineString","coordinates":[[145.0647632,-37.8855997],[145.0648366,-37.8856101],[145.0648508,-37.8856121],[145.0649841,-37.885628],[145.0649572,-37.8857672]]}},{"type":"Feature","id":"608076686","properties":{"osmWayId":"608076686","name":"Unnamed road","parkingStatus":"unknown"},"geometry":{"type":"LineString","coordinates":[[145.0651923,-37.8860795],[145.0652078,-37.8860031],[145.0652236,-37.8859259]]}},{"type":"Feature","id":"608076688","properties":{"osmWayId":"608076688","name":"Unnamed road","parkingStatus":"unknown"},"geometry":{"type":"LineString","coordinates":[[145.0653142,-37.8860937],[145.065329,-37.8860164],[145.0653396,-37.8859617],[145.0653814,-37.8856907],[145.0653989,-37.8855962]]}},{"type":"Feature","id":"608076691","properties":{"osmWayId":"608076691","name":"Unnamed road","parkingStatus":"unknown"},"geometry":{"type":"LineString","coordinates":[[145.0666161,-37.8862418],[145.0666266,-37.8861587],[145.0666312,-37.8861182]]}},{"type":"Feature","id":"608076694","properties":{"osmWayId":"608076694","name":"Unnamed road","parkingStatus":"unknown"},"geometry":{"type":"LineString","coordinates":[[145.0662731,-37.8862017],[145.066291,-37.8861219],[145.066305,-37.8860619]]}},{"type":"Feature","id":"608076695","properties":{"osmWayId":"608076695","name":"Unnamed road","parkingStatus":"unknown"},"geometry":{"type":"LineString","coordinates":[[145.0664333,-37.8862204],[145.0664487,-37.8861392],[145.0664518,-37.8861232],[145.0665299,-37.8856259]]}},{"type":"Feature","id":"609624253","properties":{"osmWayId":"609624253","name":"Unnamed road","parkingStatus":"unknown"},"geometry":{"type":"LineString","coordinates":[[145.0417753,-37.8975222],[145.0422055,-37.8975736],[145.0428708,-37.897653],[145.0432921,-37.8977033],[145.0435561,-37.8977349],[145.0437245,-37.897755],[145.0442806,-37.8978214],[145.0443829,-37.897219],[145.0443961,-37.8971414]]}},{"type":"Feature","id":"625663174","properties":{"osmWayId":"625663174","name":"Cooinda Place","parkingStatus":"unknown"},"geometry":{"type":"LineString","coordinates":[[145.0683336,-37.8801019],[145.0682274,-37.8800904],[145.0681073,-37.8800773],[145.0675648,-37.8800166],[145.0671416,-37.8799616],[145.0670555,-37.8799504]]}},{"type":"Feature","id":"631295292","properties":{"osmWayId":"631295292","name":"Unnamed road","parkingStatus":"unknown"},"geometry":{"type":"LineString","coordinates":[[145.067866,-37.8789771],[145.0679458,-37.8790104],[145.0679659,-37.8790189],[145.0679974,-37.8790231],[145.0680196,-37.8790242],[145.0680584,-37.8790147],[145.0680993,-37.878976],[145.0682257,-37.8788322],[145.0683027,-37.8787446]]}},{"type":"Feature","id":"631295308","properties":{"osmWayId":"631295308","name":"Unnamed road","parkingStatus":"unknown"},"geometry":{"type":"LineString","coordinates":[[145.068118,-37.8785573],[145.0680295,-37.8786472],[145.0677969,-37.8788834]]}},{"type":"Feature","id":"631587079","properties":{"osmWayId":"631587079","name":"Unnamed road","parkingStatus":"unknown"},"geometry":{"type":"LineString","coordinates":[[145.0569695,-37.884557],[145.0573269,-37.8846139]]}},{"type":"Feature","id":"631587080","properties":{"osmWayId":"631587080","name":"Unnamed road","parkingStatus":"unknown"},"geometry":{"type":"LineString","coordinates":[[145.0574858,-37.8847951],[145.0573222,-37.8847814],[145.0573004,-37.884754],[145.0569534,-37.8847062]]}},{"type":"Feature","id":"631587081","properties":{"osmWayId":"631587081","name":"Unnamed road","parkingStatus":"unknown"},"geometry":{"type":"LineString","coordinates":[[145.0572646,-37.8849433],[145.0572176,-37.8849941],[145.0572015,-37.8850767],[145.0571854,-37.8852101],[145.0571499,-37.885403]]}},{"type":"Feature","id":"631587082","properties":{"osmWayId":"631587082","name":"Unnamed road","parkingStatus":"unknown"},"geometry":{"type":"LineString","coordinates":[[145.0573269,-37.8846139],[145.0573004,-37.884754],[145.057274,-37.8848938],[145.0572646,-37.8849433]]}},{"type":"Feature","id":"631587083","properties":{"osmWayId":"631587083","name":"Unnamed road","parkingStatus":"unknown"},"geometry":{"type":"LineString","coordinates":[[145.0578553,-37.8850243],[145.0577661,-37.8850121],[145.0572646,-37.8849433]]}},{"type":"Feature","id":"631587099","properties":{"osmWayId":"631587099","name":"Unnamed road","parkingStatus":"unknown"},"geometry":{"type":"LineString","coordinates":[[145.0577949,-37.8888068],[145.0578724,-37.8884335],[145.0578949,-37.8884124],[145.0579613,-37.8881086],[145.0579693,-37.8881012],[145.0579894,-37.8880959],[145.0581343,-37.8881107],[145.0581423,-37.8881155],[145.0580675,-37.8884576],[145.0580545,-37.8884949],[145.0579909,-37.8888285]]}},{"type":"Feature","id":"631587100","properties":{"osmWayId":"631587100","name":"Unnamed road","parkingStatus":"unknown"},"geometry":{"type":"LineString","coordinates":[[145.058209,-37.8888527],[145.0581261,-37.8888435],[145.0579909,-37.8888285],[145.0577949,-37.8888068],[145.0576924,-37.8887954]]}},{"type":"Feature","id":"635445803","properties":{"osmWayId":"635445803","name":"Rosanna Court","parkingStatus":"unknown"},"geometry":{"type":"LineString","coordinates":[[145.0595174,-37.8994475],[145.0596013,-37.8990182],[145.0596126,-37.8989601]]}},{"type":"Feature","id":"638709435","properties":{"osmWayId":"638709435","name":"Queens Avenue","parkingStatus":"unknown"},"geometry":{"type":"LineString","coordinates":[[145.0447936,-37.8774989],[145.044787,-37.8775087],[145.0447817,-37.8775177],[145.0447787,-37.8775255],[145.0447768,-37.8775323],[145.0447752,-37.8775402],[145.044774,-37.8775481],[145.0447729,-37.8775642],[145.0447718,-37.8775774],[145.044764,-37.8776545],[145.0447619,-37.8776815],[145.0447614,-37.8776956],[145.0447616,-37.8777306],[145.0447621,-37.8777417],[145.0447642,-37.8777652],[145.0447679,-37.8777968]]}},{"type":"Feature","id":"643235227","properties":{"osmWayId":"643235227","name":"Unnamed road","parkingStatus":"unknown"},"geometry":{"type":"LineString","coordinates":[[145.0564683,-37.8852508],[145.0565,-37.8852043],[145.0565481,-37.8851357]]}},{"type":"Feature","id":"649436584","properties":{"osmWayId":"649436584","name":"Royal Lane","parkingStatus":"unknown"},"geometry":{"type":"LineString","coordinates":[[145.0424649,-37.8900199],[145.0425887,-37.8900351],[145.0442305,-37.8902367]]}},{"type":"Feature","id":"654088366","properties":{"osmWayId":"654088366","name":"Arthur Street","parkingStatus":"unknown"},"geometry":{"type":"LineString","coordinates":[[145.0711698,-37.8916751],[145.0711768,-37.891638],[145.0712336,-37.8913367],[145.0712919,-37.8910279],[145.0713088,-37.890943]]}},{"type":"Feature","id":"654088373","properties":{"osmWayId":"654088373","name":"Unnamed road","parkingStatus":"unknown"},"geometry":{"type":"LineString","coordinates":[[145.0710892,-37.8917455],[145.0711416,-37.8917666],[145.0711564,-37.8917055],[145.0711698,-37.8916751]]}},{"type":"Feature","id":"679376893","properties":{"osmWayId":"679376893","name":"Unnamed road","parkingStatus":"unknown"},"geometry":{"type":"LineString","coordinates":[[145.0476909,-37.8759081],[145.0476881,-37.8759226],[145.0476752,-37.875989],[145.0476422,-37.8761595],[145.0476094,-37.8762275]]}},{"type":"Feature","id":"679376894","properties":{"osmWayId":"679376894","name":"Unnamed road","parkingStatus":"unknown"},"geometry":{"type":"LineString","coordinates":[[145.0476094,-37.8762275],[145.0476526,-37.8762342],[145.0479124,-37.8762654],[145.0479623,-37.8762709],[145.0480135,-37.8762774],[145.048117,-37.8762905]]}},{"type":"Feature","id":"679376895","properties":{"osmWayId":"679376895","name":"Unnamed road","parkingStatus":"unknown"},"geometry":{"type":"LineString","coordinates":[[145.0476094,-37.8762275],[145.047596,-37.8763159],[145.0476081,-37.8763413],[145.0479031,-37.8763815],[145.0479487,-37.8763678],[145.0479623,-37.8762709],[145.0479756,-37.876228],[145.0479528,-37.8761984],[145.0476765,-37.8761645],[145.0476422,-37.8761595]]}},{"type":"Feature","id":"679632856","properties":{"osmWayId":"679632856","name":"Unnamed road","parkingStatus":"unknown"},"geometry":{"type":"LineString","coordinates":[[145.0562001,-37.8870226],[145.0563048,-37.8870347],[145.0563911,-37.8870421],[145.0564275,-37.887051]]}},{"type":"Feature","id":"679632857","properties":{"osmWayId":"679632857","name":"Unnamed road","parkingStatus":"unknown"},"geometry":{"type":"LineString","coordinates":[[145.0564,-37.8871921],[145.0567581,-37.8872361]]}},{"type":"Feature","id":"679632858","properties":{"osmWayId":"679632858","name":"Unnamed road","parkingStatus":"unknown"},"geometry":{"type":"LineString","coordinates":[[145.0564275,-37.887051],[145.0567794,-37.8870923],[145.0567598,-37.8872033],[145.0567581,-37.8872361],[145.0567552,-37.8872688],[145.0567323,-37.8873875],[145.0563726,-37.8873446],[145.0564,-37.8871921],[145.0564275,-37.887051]]}},{"type":"Feature","id":"679635514","properties":{"osmWayId":"679635514","name":"Unnamed road","parkingStatus":"unknown"},"geometry":{"type":"LineString","coordinates":[[145.0556336,-37.8837924],[145.0556056,-37.8838772],[145.0555943,-37.8839114]]}},{"type":"Feature","id":"679635515","properties":{"osmWayId":"679635515","name":"Unnamed road","parkingStatus":"unknown"},"geometry":{"type":"LineString","coordinates":[[145.0551156,-37.8838553],[145.0551259,-37.8838087],[145.0551453,-37.8837211]]}},{"type":"Feature","id":"679635516","properties":{"osmWayId":"679635516","name":"Unnamed road","parkingStatus":"unknown"},"geometry":{"type":"LineString","coordinates":[[145.0555943,-37.8839114],[145.0551156,-37.8838553],[145.0550177,-37.8844248],[145.0554213,-37.8845909]]}},{"type":"Feature","id":"680223379","properties":{"osmWayId":"680223379","name":"Darling Road","parkingStatus":"unknown"},"geometry":{"type":"LineString","coordinates":[[145.0592934,-37.8773196],[145.0592837,-37.8774035],[145.0592779,-37.8774276],[145.0592557,-37.8775308],[145.0592033,-37.8778252]]}},{"type":"Feature","id":"680223382","properties":{"osmWayId":"680223382","name":"Waverley Road","parkingStatus":"unknown"},"geometry":{"type":"LineString","coordinates":[[145.0592934,-37.8773196],[145.0591852,-37.8773399],[145.0590577,-37.8773333],[145.0587311,-37.8772945],[145.0585998,-37.8772649],[145.0584838,-37.8772498],[145.0583171,-37.8772179],[145.0581475,-37.8771805]]}},{"type":"Feature","id":"680228043","properties":{"osmWayId":"680228043","name":"Waverley Road","parkingStatus":"unknown"},"geometry":{"type":"LineString","coordinates":[[145.0675781,-37.8783403],[145.0675287,-37.8783397],[145.0674675,-37.8783354],[145.0673971,-37.8783192],[145.0672951,-37.8782831]]}},{"type":"Feature","id":"696408543","properties":{"osmWayId":"696408543","name":"Unnamed road","parkingStatus":"unknown"},"geometry":{"type":"LineString","coordinates":[[145.0631723,-37.8870646],[145.0631473,-37.8870671],[145.063126,-37.8870633],[145.0631074,-37.8870541],[145.0630935,-37.8870407],[145.0630859,-37.8870245],[145.0630854,-37.8870072],[145.0630931,-37.886989],[145.0631085,-37.8869742],[145.0631297,-37.8869647],[145.0631537,-37.8869618],[145.0631753,-37.8869653],[145.0631943,-37.886974],[145.0632086,-37.8869872],[145.0632168,-37.8870033],[145.0632179,-37.8870207],[145.0632103,-37.8870396],[145.0631943,-37.887055],[145.0631723,-37.8870646]]}},{"type":"Feature","id":"696408544","properties":{"osmWayId":"696408544","name":"Blackwood Street","parkingStatus":"unknown"},"geometry":{"type":"LineString","coordinates":[[145.0632179,-37.8870207],[145.0644659,-37.8871544],[145.0668361,-37.8874305],[145.0669503,-37.8874438]]}},{"type":"Feature","id":"698813320","properties":{"osmWayId":"698813320","name":"Belgrave Road","parkingStatus":"unknown"},"geometry":{"type":"LineString","coordinates":[[145.068546,-37.8789609],[145.0685279,-37.8790742]]}},{"type":"Feature","id":"702626408","properties":{"osmWayId":"702626408","name":"Koornang Road","parkingStatus":"unknown"},"geometry":{"type":"LineString","coordinates":[[145.0552154,-37.8989719],[145.0551741,-37.8991768]]}},{"type":"Feature","id":"702626409","properties":{"osmWayId":"702626409","name":"Koornang Road","parkingStatus":"unknown"},"geometry":{"type":"LineString","coordinates":[[145.0570772,-37.8892015],[145.0570622,-37.8892748],[145.0570575,-37.8892994],[145.057049,-37.8893436],[145.0570326,-37.8894332]]}},{"type":"Feature","id":"713120678","properties":{"osmWayId":"713120678","name":"Waverley Road","parkingStatus":"unknown"},"geometry":{"type":"LineString","coordinates":[[145.0634285,-37.8778208],[145.0628243,-37.8777464]]}},{"type":"Feature","id":"713120679","properties":{"osmWayId":"713120679","name":"Waverley Road","parkingStatus":"unknown"},"geometry":{"type":"LineString","coordinates":[[145.064525,-37.8779494],[145.0644026,-37.8779355],[145.0634285,-37.8778208]]}},{"type":"Feature","id":"713127085","properties":{"osmWayId":"713127085","name":"Neerim Road","parkingStatus":"unknown"},"geometry":{"type":"LineString","coordinates":[[145.0576041,-37.8892652],[145.058112,-37.8893241]]}},{"type":"Feature","id":"713127086","properties":{"osmWayId":"713127086","name":"Shepparson Avenue","parkingStatus":"unknown"},"geometry":{"type":"LineString","coordinates":[[145.0574493,-37.892973],[145.057439,-37.8929605],[145.057435,-37.8929456],[145.0574353,-37.8929243],[145.0576964,-37.8915927],[145.0580337,-37.8897763],[145.0581012,-37.8893867],[145.058112,-37.8893241]]}},{"type":"Feature","id":"713131679","properties":{"osmWayId":"713131679","name":"Waverley Road","parkingStatus":"unknown"},"geometry":{"type":"LineString","coordinates":[[145.0656692,-37.8780871],[145.064525,-37.8779494]]}},{"type":"Feature","id":"713131680","properties":{"osmWayId":"713131680","name":"Waverley Road","parkingStatus":"unknown"},"geometry":{"type":"LineString","coordinates":[[145.0672951,-37.8782831],[145.0656692,-37.8780871]]}},{"type":"Feature","id":"713149493","properties":{"osmWayId":"713149493","name":"Koornang Road","parkingStatus":"unknown"},"geometry":{"type":"LineString","coordinates":[[145.0569947,-37.8896277],[145.0566411,-37.8914773],[145.0566294,-37.8915397]]}},{"type":"Feature","id":"713150362","properties":{"osmWayId":"713150362","name":"Truganini Road","parkingStatus":"unknown"},"geometry":{"type":"LineString","coordinates":[[145.0546415,-37.8884226],[145.0546558,-37.888347],[145.0550297,-37.8864441]]}},{"type":"Feature","id":"713151849","properties":{"osmWayId":"713151849","name":"Neerim Road","parkingStatus":"unknown"},"geometry":{"type":"LineString","coordinates":[[145.0526003,-37.8880736],[145.053251,-37.8881551],[145.0538897,-37.8882328],[145.0539652,-37.8882444],[145.0542217,-37.8882902],[145.0543166,-37.8883201],[145.0546415,-37.8884226]]}},{"type":"Feature","id":"713749541","properties":{"osmWayId":"713749541","name":"Murrumbeena Road","parkingStatus":"unknown"},"geometry":{"type":"LineString","coordinates":[[145.065126,-37.8971171],[145.0651062,-37.897226],[145.0651013,-37.8972528],[145.0650748,-37.8973982]]}},{"type":"Feature","id":"714479766","properties":{"osmWayId":"714479766","name":"Malvern Road","parkingStatus":"unknown"},"geometry":{"type":"LineString","coordinates":[[145.0663975,-37.8764998],[145.0672079,-37.8775303]]}},{"type":"Feature","id":"714479767","properties":{"osmWayId":"714479767","name":"Malvern Road","parkingStatus":"unknown"},"geometry":{"type":"LineString","coordinates":[[145.0654594,-37.875328],[145.0662521,-37.8763348],[145.0663975,-37.8764998]]}},{"type":"Feature","id":"734744863","properties":{"osmWayId":"734744863","name":"Unnamed road","parkingStatus":"unknown"},"geometry":{"type":"LineString","coordinates":[[145.0442631,-37.8971259],[145.0442493,-37.8972034],[145.0442425,-37.8972419],[145.0442065,-37.8974124],[145.0441731,-37.8974693],[145.0441576,-37.8975424]]}},{"type":"Feature","id":"754964504","properties":{"osmWayId":"754964504","name":"Neerim Road","parkingStatus":"unknown"},"geometry":{"type":"LineString","coordinates":[[145.0668522,-37.8895486],[145.0667167,-37.8894869],[145.0666636,-37.8894645],[145.066568,-37.8894241]]}},{"type":"Feature","id":"754967205","properties":{"osmWayId":"754967205","name":"Murrumbeena Road","parkingStatus":"unknown"},"geometry":{"type":"LineString","coordinates":[[145.067467,-37.8847211],[145.0674912,-37.8845565]]}},{"type":"Feature","id":"760590405","properties":{"osmWayId":"760590405","name":"Burke Road","parkingStatus":"unknown"},"geometry":{"type":"LineString","coordinates":[[145.047995,-37.8769319],[145.0480453,-37.8766637],[145.0480901,-37.8764272]]}},{"type":"Feature","id":"761552123","properties":{"osmWayId":"761552123","name":"Neerim Road","parkingStatus":"unknown"},"geometry":{"type":"LineString","coordinates":[[145.0460032,-37.8872475],[145.0460186,-37.8872494],[145.0461327,-37.8872635]]}},{"type":"Feature","id":"761552124","properties":{"osmWayId":"761552124","name":"Grange Road","parkingStatus":"unknown"},"geometry":{"type":"LineString","coordinates":[[145.0448346,-37.8895539],[145.044819,-37.8895878],[145.0448093,-37.8896114],[145.0448038,-37.889629],[145.0447996,-37.8896477],[145.0447989,-37.8896659],[145.0448,-37.8896803],[145.0448036,-37.8896947],[145.0448104,-37.8897173],[145.0448151,-37.889732]]}},{"type":"Feature","id":"784397924","properties":{"osmWayId":"784397924","name":"Grange Road","parkingStatus":"unknown"},"geometry":{"type":"LineString","coordinates":[[145.0446809,-37.9005433],[145.0446701,-37.9005995],[145.0445402,-37.9012738],[145.0444878,-37.9015385],[145.0444796,-37.9015787],[145.0444742,-37.9016046],[145.0443015,-37.9024885],[145.0442923,-37.9025332],[145.0442774,-37.902608],[145.0441778,-37.9031227],[145.04416,-37.903218],[145.0441379,-37.9033363]]}},{"type":"Feature","id":"784588434","properties":{"osmWayId":"784588434","name":"Darling Road","parkingStatus":"unknown"},"geometry":{"type":"LineString","coordinates":[[145.0581819,-37.883253],[145.058139,-37.8834541]]}},{"type":"Feature","id":"784588435","properties":{"osmWayId":"784588435","name":"Darling Road","parkingStatus":"unknown"},"geometry":{"type":"LineString","coordinates":[[145.0580812,-37.883753],[145.0580763,-37.8837819],[145.0580718,-37.8838081],[145.0580572,-37.8838944]]}},{"type":"Feature","id":"784588438","properties":{"osmWayId":"784588438","name":"Grange Road","parkingStatus":"unknown"},"geometry":{"type":"LineString","coordinates":[[145.0494894,-37.881371],[145.0494446,-37.8814442],[145.0493485,-37.8815446]]}},{"type":"Feature","id":"784638775","properties":{"osmWayId":"784638775","name":"Koornang Road","parkingStatus":"unknown"},"geometry":{"type":"LineString","coordinates":[[145.0580384,-37.884042],[145.058024,-37.8841318],[145.0580198,-37.8841541],[145.0580122,-37.8841939]]}},{"type":"Feature","id":"786454156","properties":{"osmWayId":"786454156","name":"Murrumbeena Road","parkingStatus":"unknown"},"geometry":{"type":"LineString","coordinates":[[145.067272,-37.88569],[145.0672825,-37.8856404],[145.0672964,-37.8855746],[145.067357,-37.8852579]]}},{"type":"Feature","id":"786454157","properties":{"osmWayId":"786454157","name":"Belgrave Road","parkingStatus":"unknown"},"geometry":{"type":"LineString","coordinates":[[145.0684371,-37.8795554],[145.0683809,-37.8798593],[145.0683336,-37.8801019],[145.0682047,-37.8807749],[145.0680331,-37.8816692],[145.0679773,-37.881962],[145.0678727,-37.8825091],[145.0677785,-37.8830027],[145.0677214,-37.883299],[145.0676851,-37.8834813]]}},{"type":"Feature","id":"786456385","properties":{"osmWayId":"786456385","name":"Belgrave Road","parkingStatus":"unknown"},"geometry":{"type":"LineString","coordinates":[[145.0675104,-37.8844391],[145.0674912,-37.8845565]]}},{"type":"Feature","id":"786456388","properties":{"osmWayId":"786456388","name":"Murrumbeena Road","parkingStatus":"unknown"},"geometry":{"type":"LineString","coordinates":[[145.0668144,-37.888135],[145.066823,-37.8880912],[145.0669503,-37.8874438],[145.0669686,-37.887319],[145.0669771,-37.8872736],[145.0671202,-37.8865058],[145.0671301,-37.886457],[145.0671646,-37.8863033],[145.067272,-37.88569]]}},{"type":"Feature","id":"792037266","properties":{"osmWayId":"792037266","name":"Burke Road","parkingStatus":"unknown"},"geometry":{"type":"LineString","coordinates":[[145.0480901,-37.8764272],[145.048117,-37.8762905]]}},{"type":"Feature","id":"792044272","properties":{"osmWayId":"792044272","name":"Waverley Road","parkingStatus":"unknown"},"geometry":{"type":"LineString","coordinates":[[145.0488634,-37.876051],[145.0493337,-37.8761098],[145.0504974,-37.8762509],[145.0509159,-37.8763022],[145.0510125,-37.876314],[145.0511092,-37.8763259],[145.0519014,-37.8764225],[145.0531733,-37.8765778],[145.0538009,-37.8766538],[145.0540514,-37.8766849],[145.054439,-37.8767317],[145.0546995,-37.8767633],[145.0548257,-37.8767774],[145.0548814,-37.8767842],[145.0555828,-37.8768691],[145.0556742,-37.8768804],[145.0567935,-37.8770165],[145.0568721,-37.8770257],[145.0579733,-37.8771587],[145.0580677,-37.8771707],[145.0581475,-37.8771805]]}},{"type":"Feature","id":"792195982","properties":{"osmWayId":"792195982","name":"Grange Road","parkingStatus":"unknown"},"geometry":{"type":"LineString","coordinates":[[145.0449583,-37.8901374],[145.0451519,-37.890683],[145.0452484,-37.8909522],[145.0454673,-37.8915622],[145.0455759,-37.8918756],[145.0456485,-37.8920784],[145.0457545,-37.892376],[145.0459124,-37.8928196],[145.0460178,-37.8931189],[145.0460473,-37.8932107],[145.04607,-37.8932911],[145.0460745,-37.8933288],[145.0460769,-37.8933493],[145.0460792,-37.8933864],[145.0460799,-37.8934663],[145.0460658,-37.8935725],[145.0458836,-37.8944955],[145.0458455,-37.8946833],[145.0456636,-37.8955966],[145.0455908,-37.8959577],[145.0455058,-37.8963839],[145.0454854,-37.8964951],[145.0454636,-37.8966052],[145.0454194,-37.8968269],[145.0453787,-37.8970288],[145.0453698,-37.8970723],[145.0453344,-37.8972485],[145.0452553,-37.8976622],[145.0451735,-37.8980365],[145.0451658,-37.8980783],[145.0451627,-37.8980954]]}},{"type":"Feature","id":"792195983","properties":{"osmWayId":"792195983","name":"Grange Road","parkingStatus":"unknown"},"geometry":{"type":"LineString","coordinates":[[145.0461327,-37.8872635],[145.0461206,-37.8872854],[145.0460819,-37.8873553],[145.0460658,-37.8873831],[145.0456387,-37.888138],[145.0455433,-37.888306],[145.0451288,-37.8890438],[145.0449551,-37.8893505],[145.0448668,-37.8894955],[145.0448476,-37.8895297],[145.0448346,-37.8895539]]}},{"type":"Feature","id":"792197360","properties":{"osmWayId":"792197360","name":"Glen Huntly Road","parkingStatus":"unknown"},"geometry":{"type":"LineString","coordinates":[[145.0541671,-37.8909521],[145.0541571,-37.8909447],[145.0540746,-37.8908839],[145.054058,-37.8908742],[145.0540249,-37.8908589],[145.0539966,-37.890849],[145.0539765,-37.890843],[145.0539434,-37.8908368],[145.0539149,-37.8908328],[145.0534723,-37.8907786],[145.0527659,-37.8906931],[145.0521247,-37.8906154]]}},{"type":"Feature","id":"796681068","properties":{"osmWayId":"796681068","name":"Unnamed road","parkingStatus":"unknown"},"geometry":{"type":"LineString","coordinates":[[145.0439692,-37.8794516],[145.0440362,-37.8791785]]}},{"type":"Feature","id":"796681069","properties":{"osmWayId":"796681069","name":"Unnamed road","parkingStatus":"unknown"},"geometry":{"type":"LineString","coordinates":[[145.0440362,-37.8791785],[145.0441382,-37.8792378],[145.0441972,-37.8793172],[145.0441164,-37.8797562],[145.0441187,-37.8798171]]}},{"type":"Feature","id":"796681070","properties":{"osmWayId":"796681070","name":"Unnamed road","parkingStatus":"unknown"},"geometry":{"type":"LineString","coordinates":[[145.0441187,-37.8798171],[145.0442393,-37.8798313],[145.0442746,-37.8798357],[145.0443435,-37.8798443]]}},{"type":"Feature","id":"796681071","properties":{"osmWayId":"796681071","name":"Unnamed road","parkingStatus":"unknown"},"geometry":{"type":"LineString","coordinates":[[145.0440362,-37.8791785],[145.0438842,-37.8790914],[145.0438044,-37.8790354],[145.0436351,-37.8789164]]}},{"type":"Feature","id":"798279325","properties":{"osmWayId":"798279325","name":"Neerim Road","parkingStatus":"unknown"},"geometry":{"type":"LineString","coordinates":[[145.0473995,-37.887422],[145.0476621,-37.8874546],[145.0480663,-37.8875067],[145.0490626,-37.8876294],[145.049293,-37.8876585],[145.0503093,-37.8877854],[145.0509318,-37.8878632],[145.0523921,-37.8880477]]}},{"type":"Feature","id":"798279326","properties":{"osmWayId":"798279326","name":"Grange Road","parkingStatus":"unknown"},"geometry":{"type":"LineString","coordinates":[[145.0493485,-37.8815446],[145.0492641,-37.8816899],[145.0492249,-37.88176],[145.0491906,-37.8818215],[145.0491336,-37.8819214],[145.0491042,-37.8819742],[145.048917,-37.8823098],[145.0486821,-37.8827293],[145.04837,-37.8832868],[145.0483106,-37.8833897],[145.0479109,-37.8841],[145.0478126,-37.8842741],[145.0476553,-37.8845544],[145.0472946,-37.8851964],[145.0472396,-37.8852959],[145.0470364,-37.8856621],[145.0464497,-37.8867019],[145.0462824,-37.8869957]]}},{"type":"Feature","id":"827750881","properties":{"osmWayId":"827750881","name":"Queens Avenue","parkingStatus":"unknown"},"geometry":{"type":"LineString","coordinates":[[145.0444668,-37.8790687],[145.0444662,-37.8790723],[145.0444493,-37.8791719]]}},{"type":"Feature","id":"827750882","properties":{"osmWayId":"827750882","name":"Normanby Road","parkingStatus":"unknown"},"geometry":{"type":"LineString","coordinates":[[145.0444493,-37.8791719],[145.0443435,-37.8791062],[145.044264,-37.8790569],[145.0442374,-37.8790397],[145.0440502,-37.8789216]]}},{"type":"Feature","id":"835410939","properties":{"osmWayId":"835410939","name":"Unnamed road","parkingStatus":"unknown"},"geometry":{"type":"LineString","coordinates":[[145.0619284,-37.9021745],[145.0620087,-37.9021842],[145.0625085,-37.9022443],[145.062917,-37.9022958],[145.0629941,-37.9023055],[145.0630716,-37.9023153],[145.0635418,-37.9023748],[145.0638697,-37.9005801],[145.0638856,-37.9004932]]}},{"type":"Feature","id":"838939688","properties":{"osmWayId":"838939688","name":"Neerim Road","parkingStatus":"unknown"},"geometry":{"type":"LineString","coordinates":[[145.0546415,-37.8884226],[145.054702,-37.8884421],[145.0557823,-37.88879],[145.0558123,-37.8888003],[145.0559002,-37.8888292],[145.0565943,-37.8890506],[145.0566263,-37.8890608],[145.0567449,-37.8890986]]}},{"type":"Feature","id":"849718987","properties":{"osmWayId":"849718987","name":"Reserve Avenue","parkingStatus":"unknown"},"geometry":{"type":"LineString","coordinates":[[145.052887,-37.8926831],[145.0528382,-37.8926965],[145.0528197,-37.8927178],[145.0528043,-37.8927384],[145.0527912,-37.8927615],[145.0527804,-37.8927913],[145.0527712,-37.8928211],[145.0527584,-37.8928723],[145.0527426,-37.892954],[145.0525996,-37.8936908],[145.0525385,-37.8940055],[145.0525305,-37.8940487]]}},{"type":"Feature","id":"859132115","properties":{"osmWayId":"859132115","name":"Unnamed road","parkingStatus":"unknown"},"geometry":{"type":"LineString","coordinates":[[145.0663765,-37.8773503],[145.0659777,-37.8768472],[145.0659198,-37.8767741]]}},{"type":"Feature","id":"859156138","properties":{"osmWayId":"859156138","name":"Dandenong Road","parkingStatus":"unknown"},"geometry":{"type":"LineString","coordinates":[[145.0706475,-37.8844282],[145.0708362,-37.8844456],[145.0710478,-37.88447]]}},{"type":"Feature","id":"859156139","properties":{"osmWayId":"859156139","name":"Dandenong Road","parkingStatus":"unknown"},"geometry":{"type":"LineString","coordinates":[[145.0710478,-37.88447],[145.0712757,-37.8845134],[145.0714225,-37.8845443],[145.0716977,-37.8846082],[145.0719308,-37.8846742],[145.0722865,-37.8847899],[145.0723868,-37.8848254]]}},{"type":"Feature","id":"866515097","properties":{"osmWayId":"866515097","name":"Neerim Road","parkingStatus":"unknown"},"geometry":{"type":"LineString","coordinates":[[145.0570772,-37.8892015],[145.0570956,-37.8892041],[145.057176,-37.8892155],[145.0571913,-37.8892173]]}},{"type":"Feature","id":"866515098","properties":{"osmWayId":"866515098","name":"Shepparson Avenue","parkingStatus":"unknown"},"geometry":{"type":"LineString","coordinates":[[145.058209,-37.8888527],[145.0582847,-37.8884845],[145.0583768,-37.8879007],[145.0584041,-37.887728],[145.0583907,-37.8876455],[145.0584055,-37.8874846],[145.058419,-37.8874071],[145.0584269,-37.8873618],[145.0584748,-37.8871072],[145.0585546,-37.8866831],[145.0585664,-37.8866236]]}},{"type":"Feature","id":"866515099","properties":{"osmWayId":"866515099","name":"Neerim Road","parkingStatus":"unknown"},"geometry":{"type":"LineString","coordinates":[[145.0591417,-37.8894436],[145.060125,-37.8895577],[145.0611342,-37.8896748],[145.061562,-37.8897244],[145.0621982,-37.8897927],[145.0622943,-37.8898048],[145.0635953,-37.8899575],[145.064758,-37.8900975],[145.0655851,-37.8901915]]}},{"type":"Feature","id":"866528796","properties":{"osmWayId":"866528796","name":"Leamington Crescent","parkingStatus":"unknown"},"geometry":{"type":"LineString","coordinates":[[145.0450735,-37.8849032],[145.0450753,-37.8848793],[145.045088,-37.8848555],[145.0451252,-37.8848091],[145.045369,-37.8845697],[145.0456023,-37.8843262],[145.0457458,-37.8841632],[145.0458542,-37.8840288],[145.0460047,-37.8838139],[145.0461647,-37.8835346],[145.0462863,-37.8832805],[145.0463878,-37.8830357],[145.0464267,-37.882918],[145.0464772,-37.8827349],[145.0465152,-37.8825728],[145.0465299,-37.8824843],[145.0465482,-37.8823819],[145.0465759,-37.8821314],[145.0465874,-37.8820134]]}},{"type":"Feature","id":"866528797","properties":{"osmWayId":"866528797","name":"Moodie Street","parkingStatus":"unknown"},"geometry":{"type":"LineString","coordinates":[[145.0488213,-37.8822841],[145.0488602,-37.882293],[145.048917,-37.8823098]]}},{"type":"Feature","id":"906711540","properties":{"osmWayId":"906711540","name":"Glen Huntly Road","parkingStatus":"unknown"},"geometry":{"type":"LineString","coordinates":[[145.0425891,-37.8894655],[145.0441073,-37.8896462]]}},{"type":"Feature","id":"907223684","properties":{"osmWayId":"907223684","name":"Unnamed road","parkingStatus":"unknown"},"geometry":{"type":"LineString","coordinates":[[145.0703955,-37.877646],[145.0698867,-37.8773517],[145.0693685,-37.8771229],[145.0693016,-37.8772192]]}},{"type":"Feature","id":"907223686","properties":{"osmWayId":"907223686","name":"Unnamed road","parkingStatus":"unknown"},"geometry":{"type":"LineString","coordinates":[[145.0716651,-37.8786276],[145.0716386,-37.8788502],[145.0716305,-37.8789208],[145.0716218,-37.87901]]}},{"type":"Feature","id":"907223687","properties":{"osmWayId":"907223687","name":"Dandenong Road","parkingStatus":"unknown"},"geometry":{"type":"LineString","coordinates":[[145.0727367,-37.8853609],[145.0726346,-37.8853227],[145.0719581,-37.8850694],[145.0717127,-37.8849879],[145.0713544,-37.8848934],[145.0711296,-37.8848534],[145.0709926,-37.8848302],[145.0708039,-37.8848062],[145.0706738,-37.8847956]]}},{"type":"Feature","id":"919614942","properties":{"osmWayId":"919614942","name":"Unnamed road","parkingStatus":"unknown"},"geometry":{"type":"LineString","coordinates":[[145.0448913,-37.8785651],[145.0450175,-37.878692],[145.0450822,-37.8787345],[145.0454659,-37.8789867],[145.045459,-37.8789934]]}},{"type":"Feature","id":"987311854","properties":{"osmWayId":"987311854","name":"Lilly Pilly Place","parkingStatus":"unknown"},"geometry":{"type":"LineString","coordinates":[[145.0630464,-37.8789405],[145.0631022,-37.8786202]]}},{"type":"Feature","id":"987867569","properties":{"osmWayId":"987867569","name":"Unnamed road","parkingStatus":"unknown"},"geometry":{"type":"LineString","coordinates":[[145.069946,-37.8784977],[145.07004,-37.8785408],[145.0701559,-37.8785909],[145.070228,-37.8786142],[145.0703173,-37.8786372],[145.0703893,-37.8786526],[145.0704501,-37.8786629],[145.0704746,-37.8786668]]}},{"type":"Feature","id":"987867570","properties":{"osmWayId":"987867570","name":"Unnamed road","parkingStatus":"unknown"},"geometry":{"type":"LineString","coordinates":[[145.0704746,-37.8786668],[145.0709477,-37.878744]]}},{"type":"Feature","id":"987867571","properties":{"osmWayId":"987867571","name":"Unnamed road","parkingStatus":"unknown"},"geometry":{"type":"LineString","coordinates":[[145.0664725,-37.8787738],[145.0676327,-37.8789029],[145.067813,-37.8790855],[145.0677401,-37.8794712]]}},{"type":"Feature","id":"987867572","properties":{"osmWayId":"987867572","name":"Unnamed road","parkingStatus":"unknown"},"geometry":{"type":"LineString","coordinates":[[145.068482,-37.8798724],[145.0690635,-37.8799469]]}},{"type":"Feature","id":"987867574","properties":{"osmWayId":"987867574","name":"Unnamed road","parkingStatus":"unknown"},"geometry":{"type":"LineString","coordinates":[[145.0563299,-37.8850379],[145.056434,-37.8844829],[145.0564036,-37.8844517],[145.0564843,-37.8840061],[145.0565001,-37.8839188]]}},{"type":"Feature","id":"987867575","properties":{"osmWayId":"987867575","name":"Unnamed road","parkingStatus":"unknown"},"geometry":{"type":"LineString","coordinates":[[145.0559602,-37.8848611],[145.0561219,-37.8839621],[145.056119,-37.8839521],[145.0560918,-37.8838589]]}},{"type":"Feature","id":"987867576","properties":{"osmWayId":"987867576","name":"Unnamed road","parkingStatus":"unknown"},"geometry":{"type":"LineString","coordinates":[[145.0560126,-37.8848938],[145.0559602,-37.8848611]]}},{"type":"Feature","id":"987867579","properties":{"osmWayId":"987867579","name":"Unnamed road","parkingStatus":"unknown"},"geometry":{"type":"LineString","coordinates":[[145.0583347,-37.8852594],[145.0583457,-37.8851998],[145.0584189,-37.8848026]]}},{"type":"Feature","id":"987867580","properties":{"osmWayId":"987867580","name":"Unnamed road","parkingStatus":"unknown"},"geometry":{"type":"LineString","coordinates":[[145.0584098,-37.8852701],[145.0583741,-37.8853287],[145.0582849,-37.885475]]}},{"type":"Feature","id":"987867598","properties":{"osmWayId":"987867598","name":"Unnamed road","parkingStatus":"unknown"},"geometry":{"type":"LineString","coordinates":[[145.0596977,-37.8866438],[145.0596918,-37.886652],[145.0596404,-37.8867231],[145.0595768,-37.8868113],[145.0595403,-37.8868618]]}},{"type":"Feature","id":"987867599","properties":{"osmWayId":"987867599","name":"Unnamed road","parkingStatus":"unknown"},"geometry":{"type":"LineString","coordinates":[[145.0595403,-37.8868618],[145.0594727,-37.8868062],[145.0594365,-37.886784],[145.059379,-37.8867686],[145.059293,-37.886749],[145.0591872,-37.886701],[145.0590897,-37.8866566],[145.0587027,-37.8864807]]}},{"type":"Feature","id":"987867600","properties":{"osmWayId":"987867600","name":"Unnamed road","parkingStatus":"unknown"},"geometry":{"type":"LineString","coordinates":[[145.0595403,-37.8868618],[145.0597041,-37.8869365],[145.0598332,-37.886997],[145.0601386,-37.8871359],[145.0601975,-37.887156],[145.0602458,-37.8871652],[145.0602703,-37.8871682],[145.0603486,-37.8871755],[145.0607491,-37.8872318]]}},{"type":"Feature","id":"987867601","properties":{"osmWayId":"987867601","name":"Unnamed road","parkingStatus":"unknown"},"geometry":{"type":"LineString","coordinates":[[145.0603486,-37.8871755],[145.060416,-37.8870752],[145.0600736,-37.8869165],[145.0599322,-37.8868534],[145.0596404,-37.8867231]]}},{"type":"Feature","id":"987867608","properties":{"osmWayId":"987867608","name":"Unnamed road","parkingStatus":"unknown"},"geometry":{"type":"LineString","coordinates":[[145.0672498,-37.889],[145.0672561,-37.888937],[145.0672877,-37.8886228]]}},{"type":"Feature","id":"987867609","properties":{"osmWayId":"987867609","name":"Unnamed road","parkingStatus":"unknown"},"geometry":{"type":"LineString","coordinates":[[145.0677084,-37.8882213],[145.0676977,-37.888279],[145.0676483,-37.8885444],[145.0673983,-37.8885131]]}},{"type":"Feature","id":"987867611","properties":{"osmWayId":"987867611","name":"Unnamed road","parkingStatus":"unknown"},"geometry":{"type":"LineString","coordinates":[[145.069162,-37.8913462],[145.0692156,-37.8912728],[145.069226,-37.8912585],[145.0692374,-37.8912429],[145.0693526,-37.8910769]]}},{"type":"Feature","id":"987867613","properties":{"osmWayId":"987867613","name":"Unnamed road","parkingStatus":"unknown"},"geometry":{"type":"LineString","coordinates":[[145.0693526,-37.8910769],[145.0698567,-37.8913026],[145.0701287,-37.8914243],[145.0704603,-37.8915739],[145.0710406,-37.8918347]]}},{"type":"Feature","id":"987867614","properties":{"osmWayId":"987867614","name":"Unnamed road","parkingStatus":"unknown"},"geometry":{"type":"LineString","coordinates":[[145.0699908,-37.8916122],[145.0700356,-37.8915512],[145.0700467,-37.891536],[145.0700575,-37.8915213],[145.0701287,-37.8914243]]}},{"type":"Feature","id":"987867615","properties":{"osmWayId":"987867615","name":"Unnamed road","parkingStatus":"unknown"},"geometry":{"type":"LineString","coordinates":[[145.0693526,-37.8910769],[145.069169,-37.8909948]]}},{"type":"Feature","id":"987867616","properties":{"osmWayId":"987867616","name":"Unnamed road","parkingStatus":"unknown"},"geometry":{"type":"LineString","coordinates":[[145.0687142,-37.8903922],[145.0686679,-37.8904562],[145.0686602,-37.8904669],[145.0686223,-37.8905199],[145.0686024,-37.8905476]]}},{"type":"Feature","id":"987867617","properties":{"osmWayId":"987867617","name":"Unnamed road","parkingStatus":"unknown"},"geometry":{"type":"LineString","coordinates":[[145.0684123,-37.8904626],[145.0685332,-37.8905163],[145.0686024,-37.8905476],[145.0689085,-37.890683],[145.0688087,-37.8908239],[145.0687116,-37.8909609],[145.06836,-37.8907956],[145.0682881,-37.8907645],[145.0682539,-37.8907546],[145.0682244,-37.8907527],[145.0681959,-37.8907517],[145.0681688,-37.8907477],[145.06814,-37.8907366],[145.0680493,-37.890693],[145.0677657,-37.8905649]]}},{"type":"Feature","id":"987867618","properties":{"osmWayId":"987867618","name":"Unnamed road","parkingStatus":"unknown"},"geometry":{"type":"LineString","coordinates":[[145.0688087,-37.8908239],[145.0687732,-37.890808],[145.0684186,-37.8906528]]}},{"type":"Feature","id":"987867620","properties":{"osmWayId":"987867620","name":"Unnamed road","parkingStatus":"unknown"},"geometry":{"type":"LineString","coordinates":[[145.0676659,-37.8907102],[145.067691,-37.8906742],[145.0677243,-37.8906259],[145.0677354,-37.8906099],[145.067747,-37.8905932],[145.0677657,-37.8905649]]}},{"type":"Feature","id":"990228081","properties":{"osmWayId":"990228081","name":"Unnamed road","parkingStatus":"unknown"},"geometry":{"type":"LineString","coordinates":[[145.0568759,-37.8861382],[145.0571743,-37.8857219],[145.0567398,-37.8855246]]}},{"type":"Feature","id":"990228082","properties":{"osmWayId":"990228082","name":"Unnamed road","parkingStatus":"unknown"},"geometry":{"type":"LineString","coordinates":[[145.05715,-37.8862722],[145.0571292,-37.8863479],[145.0570654,-37.8866669]]}},{"type":"Feature","id":"990228083","properties":{"osmWayId":"990228083","name":"Unnamed road","parkingStatus":"unknown"},"geometry":{"type":"LineString","coordinates":[[145.0565313,-37.888598],[145.056562,-37.8886019],[145.0565339,-37.8887589]]}},{"type":"Feature","id":"999719275","properties":{"osmWayId":"999719275","name":"Lorne Street","parkingStatus":"unknown"},"geometry":{"type":"LineString","coordinates":[[145.0480404,-37.8812989],[145.0487675,-37.8817198],[145.0490505,-37.8818761],[145.0490756,-37.8818898],[145.0491336,-37.8819214]]}},{"type":"Feature","id":"999721948","properties":{"osmWayId":"999721948","name":"Unnamed road","parkingStatus":"unknown"},"geometry":{"type":"LineString","coordinates":[[145.0467873,-37.8800801],[145.0465466,-37.8798481],[145.0465191,-37.8797857],[145.0464266,-37.8794532]]}},{"type":"Feature","id":"1006322024","properties":{"osmWayId":"1006322024","name":"Oakleigh Road","parkingStatus":"unknown"},"geometry":{"type":"LineString","coordinates":[[145.0553989,-37.8994263],[145.0560104,-37.8995041],[145.0562899,-37.8995397],[145.0567061,-37.8995914],[145.05735,-37.8996733],[145.058075,-37.8997643]]}},{"type":"Feature","id":"1027572491","properties":{"osmWayId":"1027572491","name":"Unnamed road","parkingStatus":"unknown"},"geometry":{"type":"LineString","coordinates":[[145.0443673,-37.8854585],[145.0444749,-37.8853564]]}},{"type":"Feature","id":"1038608715","properties":{"osmWayId":"1038608715","name":"Malvern Road","parkingStatus":"unknown"},"geometry":{"type":"LineString","coordinates":[[145.0677993,-37.8782381],[145.067833,-37.8782758],[145.0679345,-37.8783891]]}},{"type":"Feature","id":"1038608716","properties":{"osmWayId":"1038608716","name":"Sylvester Crescent","parkingStatus":"unknown"},"geometry":{"type":"LineString","coordinates":[[145.0677784,-37.8780957],[145.0677993,-37.8782381]]}},{"type":"Feature","id":"1038608717","properties":{"osmWayId":"1038608717","name":"Sylvester Crescent","parkingStatus":"unknown"},"geometry":{"type":"LineString","coordinates":[[145.0677255,-37.8781439],[145.0677784,-37.8780957]]}},{"type":"Feature","id":"1053809357","properties":{"osmWayId":"1053809357","name":"Darling Road","parkingStatus":"unknown"},"geometry":{"type":"LineString","coordinates":[[145.0607033,-37.8699133],[145.0606673,-37.8700953],[145.0606311,-37.8702932],[145.0605681,-37.8706271],[145.0604011,-37.8714971],[145.0603898,-37.8715561],[145.0603254,-37.8718994],[145.0602233,-37.87243],[145.0601557,-37.8727928],[145.0601098,-37.8730312],[145.0600527,-37.8733267],[145.0599556,-37.8738471],[145.0598832,-37.87423],[145.0598787,-37.8742536],[145.059866,-37.8743185],[145.0597987,-37.8746753],[145.0597101,-37.8751388],[145.0596384,-37.8755141],[145.0593649,-37.876951]]}},{"type":"Feature","id":"1054956698","properties":{"osmWayId":"1054956698","name":"Burke Road","parkingStatus":"unknown"},"geometry":{"type":"LineString","coordinates":[[145.0478657,-37.8776212],[145.047995,-37.8769319]]}},{"type":"Feature","id":"1054956699","properties":{"osmWayId":"1054956699","name":"Sir John Monash Drive","parkingStatus":"unknown"},"geometry":{"type":"LineString","coordinates":[[145.046863,-37.8781107],[145.0470988,-37.8780815],[145.0471493,-37.8780758],[145.0471807,-37.8780737],[145.0472981,-37.8780598]]}},{"type":"Feature","id":"1054956700","properties":{"osmWayId":"1054956700","name":"Burke Road","parkingStatus":"unknown"},"geometry":{"type":"LineString","coordinates":[[145.047769,-37.8778207],[145.0477813,-37.8777879],[145.0477925,-37.8777565],[145.0478657,-37.8776212]]}},{"type":"Feature","id":"1054956701","properties":{"osmWayId":"1054956701","name":"Burke Road","parkingStatus":"unknown"},"geometry":{"type":"LineString","coordinates":[[145.0478657,-37.8776212],[145.0478791,-37.8777298],[145.0478788,-37.8777658],[145.0478609,-37.8778507]]}},{"type":"Feature","id":"1054956702","properties":{"osmWayId":"1054956702","name":"Burke Road","parkingStatus":"unknown"},"geometry":{"type":"LineString","coordinates":[[145.0478609,-37.8778507],[145.0477692,-37.8779906],[145.0477556,-37.8780049],[145.0477365,-37.8780245],[145.0477089,-37.8780446],[145.0476831,-37.8780585],[145.0476565,-37.8780703],[145.0476474,-37.8780743],[145.047581,-37.8780997]]}},{"type":"Feature","id":"1054956703","properties":{"osmWayId":"1054956703","name":"Sir John Monash Drive","parkingStatus":"unknown"},"geometry":{"type":"LineString","coordinates":[[145.0473592,-37.8781461],[145.0472563,-37.8781561],[145.047187,-37.8781612],[145.0471584,-37.878162],[145.0471257,-37.8781608],[145.0470894,-37.8781573],[145.0470542,-37.8781519],[145.0470022,-37.8781421],[145.046863,-37.8781107]]}},{"type":"Feature","id":"1054956705","properties":{"osmWayId":"1054956705","name":"Burke Road","parkingStatus":"unknown"},"geometry":{"type":"LineString","coordinates":[[145.047581,-37.8780997],[145.047494,-37.878123],[145.047396,-37.8781392],[145.0473592,-37.8781461]]}},{"type":"Feature","id":"1054956709","properties":{"osmWayId":"1054956709","name":"Unnamed road","parkingStatus":"unknown"},"geometry":{"type":"LineString","coordinates":[[145.0494269,-37.8811169],[145.0494029,-37.8811086],[145.0493933,-37.8811047],[145.0493853,-37.8811007],[145.049378,-37.8810954],[145.0493729,-37.8810897],[145.0493676,-37.8810824],[145.0492991,-37.8809482],[145.0492926,-37.8809333],[145.0492897,-37.8809221],[145.0492883,-37.8809097],[145.049289,-37.8808945],[145.0492906,-37.8808772],[145.0492928,-37.8808639],[145.0493141,-37.8807462]]}},{"type":"Feature","id":"1054956712","properties":{"osmWayId":"1054956712","name":"Dandenong Road","parkingStatus":"unknown"},"geometry":{"type":"LineString","coordinates":[[145.059201,-37.8843331],[145.0591365,-37.8843037],[145.0591174,-37.8842916],[145.0590975,-37.8842776],[145.0590804,-37.8842617],[145.0590181,-37.8841886]]}},{"type":"Feature","id":"1054956713","properties":{"osmWayId":"1054956713","name":"Dandenong Road","parkingStatus":"unknown"},"geometry":{"type":"LineString","coordinates":[[145.0594016,-37.8842442],[145.0593413,-37.884299],[145.0593122,-37.8843063],[145.0592514,-37.8843219],[145.059201,-37.8843331]]}},{"type":"Feature","id":"1055078338","properties":{"osmWayId":"1055078338","name":"Dandenong Road","parkingStatus":"unknown"},"geometry":{"type":"LineString","coordinates":[[145.066883,-37.8845766],[145.0669574,-37.8844744],[145.0670506,-37.8844564],[145.0673357,-37.8844453],[145.0673697,-37.8844441],[145.0675104,-37.8844391]]}},{"type":"Feature","id":"1063461404","properties":{"osmWayId":"1063461404","name":"Tram Lane","parkingStatus":"unknown"},"geometry":{"type":"LineString","coordinates":[[145.0454125,-37.8898043],[145.0454193,-37.8898208],[145.0454446,-37.8898932],[145.0455816,-37.890259],[145.046201,-37.8903467],[145.0462443,-37.8904537],[145.046682,-37.8905093]]}},{"type":"Feature","id":"1063461406","properties":{"osmWayId":"1063461406","name":"Unnamed road","parkingStatus":"unknown"},"geometry":{"type":"LineString","coordinates":[[145.0447792,-37.8866553],[145.0451936,-37.886711],[145.0452722,-37.8867215],[145.0453502,-37.886731],[145.0457931,-37.8867851]]}},{"type":"Feature","id":"1063461414","properties":{"osmWayId":"1063461414","name":"Unnamed road","parkingStatus":"unknown"},"geometry":{"type":"LineString","coordinates":[[145.0566263,-37.8890608],[145.0566349,-37.8890445],[145.0566662,-37.888985],[145.0567016,-37.8889179]]}},{"type":"Feature","id":"1063461434","properties":{"osmWayId":"1063461434","name":"Unnamed road","parkingStatus":"unknown"},"geometry":{"type":"LineString","coordinates":[[145.057274,-37.8848938],[145.0569846,-37.8848544]]}},{"type":"Feature","id":"1063461440","properties":{"osmWayId":"1063461440","name":"Unnamed road","parkingStatus":"unknown"},"geometry":{"type":"LineString","coordinates":[[145.0590553,-37.8898982],[145.0585228,-37.8898353]]}},{"type":"Feature","id":"1063461441","properties":{"osmWayId":"1063461441","name":"Unnamed road","parkingStatus":"unknown"},"geometry":{"type":"LineString","coordinates":[[145.061061,-37.8901244],[145.0617009,-37.8902042]]}},{"type":"Feature","id":"1063461442","properties":{"osmWayId":"1063461442","name":"Unnamed road","parkingStatus":"unknown"},"geometry":{"type":"LineString","coordinates":[[145.0660856,-37.8920502],[145.0659857,-37.89204],[145.065717,-37.8920125],[145.0655022,-37.8919338],[145.0652655,-37.8919117]]}},{"type":"Feature","id":"1092093079","properties":{"osmWayId":"1092093079","name":"Burke Road","parkingStatus":"unknown"},"geometry":{"type":"LineString","coordinates":[[145.048117,-37.8762905],[145.0481478,-37.8761296],[145.0481571,-37.8760755],[145.0481622,-37.8760495],[145.0481755,-37.8759821],[145.0481782,-37.8759684]]}},{"type":"Feature","id":"1105193551","properties":{"osmWayId":"1105193551","name":"Dandenong Road","parkingStatus":"unknown"},"geometry":{"type":"LineString","coordinates":[[145.0562111,-37.8837728],[145.0562393,-37.8836282]]}},{"type":"Feature","id":"1105193554","properties":{"osmWayId":"1105193554","name":"Dandenong Road","parkingStatus":"unknown"},"geometry":{"type":"LineString","coordinates":[[145.0562393,-37.8836282],[145.0562611,-37.8835203]]}},{"type":"Feature","id":"1105193556","properties":{"osmWayId":"1105193556","name":"Wilmot Street","parkingStatus":"unknown"},"geometry":{"type":"LineString","coordinates":[[145.0531212,-37.8831423],[145.0530743,-37.8832847]]}},{"type":"Feature","id":"1105193569","properties":{"osmWayId":"1105193569","name":"Moama Road","parkingStatus":"unknown"},"geometry":{"type":"LineString","coordinates":[[145.0492817,-37.8780339],[145.0493687,-37.8780444],[145.0514516,-37.8782958],[145.0515247,-37.8783046]]}},{"type":"Feature","id":"1105193570","properties":{"osmWayId":"1105193570","name":"Sir John Monash Drive","parkingStatus":"unknown"},"geometry":{"type":"LineString","coordinates":[[145.0468057,-37.8781056],[145.046863,-37.8781107]]}},{"type":"Feature","id":"1106520412","properties":{"osmWayId":"1106520412","name":"Dandenong Road","parkingStatus":"unknown"},"geometry":{"type":"LineString","coordinates":[[145.0694505,-37.884674],[145.0694522,-37.8847827]]}},{"type":"Feature","id":"1106520424","properties":{"osmWayId":"1106520424","name":"Darling Road","parkingStatus":"unknown"},"geometry":{"type":"LineString","coordinates":[[145.058139,-37.8834541],[145.0580812,-37.883753]]}},{"type":"Feature","id":"1106520425","properties":{"osmWayId":"1106520425","name":"Koornang Road","parkingStatus":"unknown"},"geometry":{"type":"LineString","coordinates":[[145.0580122,-37.8841939],[145.0579666,-37.8844353]]}},{"type":"Feature","id":"1106520426","properties":{"osmWayId":"1106520426","name":"Unnamed road","parkingStatus":"unknown"},"geometry":{"type":"LineString","coordinates":[[145.0592068,-37.8853856],[145.0592184,-37.8853258],[145.0593165,-37.8848205]]}},{"type":"Feature","id":"1128410446","properties":{"osmWayId":"1128410446","name":"Unnamed road","parkingStatus":"unknown"},"geometry":{"type":"LineString","coordinates":[[145.0719416,-37.8910213],[145.0717759,-37.8919505]]}},{"type":"Feature","id":"1135324587","properties":{"osmWayId":"1135324587","name":"Unnamed road","parkingStatus":"unknown"},"geometry":{"type":"LineString","coordinates":[[145.0721293,-37.8863013],[145.0718183,-37.8862617],[145.0717495,-37.886253]]}},{"type":"Feature","id":"1135324594","properties":{"osmWayId":"1135324594","name":"Unnamed road","parkingStatus":"unknown"},"geometry":{"type":"LineString","coordinates":[[145.0720451,-37.8868845],[145.0720151,-37.886869],[145.0719934,-37.8868609],[145.0717127,-37.886828],[145.0716468,-37.8868203]]}},{"type":"Feature","id":"1135324638","properties":{"osmWayId":"1135324638","name":"Unnamed road","parkingStatus":"unknown"},"geometry":{"type":"LineString","coordinates":[[145.0710722,-37.8872826],[145.0711051,-37.8872796],[145.0711491,-37.8872796],[145.0714468,-37.8873165],[145.071495,-37.8873253],[145.0715502,-37.8873337]]}},{"type":"Feature","id":"1135324642","properties":{"osmWayId":"1135324642","name":"Unnamed road","parkingStatus":"unknown"},"geometry":{"type":"LineString","coordinates":[[145.0706195,-37.8871633],[145.0705918,-37.887172],[145.0705214,-37.8871727],[145.0701581,-37.8871313],[145.0701092,-37.8871238],[145.0700857,-37.8871202],[145.0700253,-37.887111]]}},{"type":"Feature","id":"1135324644","properties":{"osmWayId":"1135324644","name":"Unnamed road","parkingStatus":"unknown"},"geometry":{"type":"LineString","coordinates":[[145.0704471,-37.8873175],[145.0702375,-37.8872928],[145.0701285,-37.8872838],[145.0700789,-37.8872815],[145.0699939,-37.8872776]]}},{"type":"Feature","id":"1135324645","properties":{"osmWayId":"1135324645","name":"Unnamed road","parkingStatus":"unknown"},"geometry":{"type":"LineString","coordinates":[[145.0706281,-37.8874937],[145.0704338,-37.8874748],[145.07027,-37.8874633],[145.070137,-37.8874527],[145.070048,-37.8874422],[145.0699646,-37.8874323]]}},{"type":"Feature","id":"1135324656","properties":{"osmWayId":"1135324656","name":"Unnamed road","parkingStatus":"unknown"},"geometry":{"type":"LineString","coordinates":[[145.071368,-37.885502],[145.0714063,-37.8854893],[145.0714373,-37.8854883],[145.0717776,-37.8855535],[145.0718698,-37.8855704]]}},{"type":"Feature","id":"1135324657","properties":{"osmWayId":"1135324657","name":"Unnamed road","parkingStatus":"unknown"},"geometry":{"type":"LineString","coordinates":[[145.0709559,-37.8855029],[145.0706776,-37.8854568],[145.0705098,-37.8854292],[145.0704297,-37.8854159],[145.070355,-37.8854048]]}},{"type":"Feature","id":"1135324667","properties":{"osmWayId":"1135324667","name":"Unnamed road","parkingStatus":"unknown"},"geometry":{"type":"LineString","coordinates":[[145.0715886,-37.8854073],[145.0715768,-37.885457],[145.0715759,-37.8854746],[145.0715907,-37.8854874],[145.0716109,-37.8854947],[145.0718744,-37.8855444]]}},{"type":"Feature","id":"1137129329","properties":{"osmWayId":"1137129329","name":"Unnamed road","parkingStatus":"unknown"},"geometry":{"type":"LineString","coordinates":[[145.0680955,-37.8906293],[145.0681514,-37.8905523],[145.0676025,-37.8903035],[145.0675431,-37.8903901]]}},{"type":"Feature","id":"1137129330","properties":{"osmWayId":"1137129330","name":"Unnamed road","parkingStatus":"unknown"},"geometry":{"type":"LineString","coordinates":[[145.0675042,-37.8904469],[145.0677657,-37.8905649]]}},{"type":"Feature","id":"1156516641","properties":{"osmWayId":"1156516641","name":"Waverley Road","parkingStatus":"unknown"},"geometry":{"type":"LineString","coordinates":[[145.0696679,-37.8795514],[145.0695961,-37.8795208],[145.0692259,-37.8793386],[145.0687323,-37.8790582],[145.068546,-37.8789609]]}},{"type":"Feature","id":"1156518455","properties":{"osmWayId":"1156518455","name":"Murrumbeena Road","parkingStatus":"unknown"},"geometry":{"type":"LineString","coordinates":[[145.0650615,-37.8974742],[145.0650213,-37.8976945]]}},{"type":"Feature","id":"1156518456","properties":{"osmWayId":"1156518456","name":"Murrumbeena Road","parkingStatus":"unknown"},"geometry":{"type":"LineString","coordinates":[[145.0664157,-37.8902905],[145.0663966,-37.8903931],[145.0663941,-37.8904064]]}},{"type":"Feature","id":"1156518457","properties":{"osmWayId":"1156518457","name":"Murrumbeena Road","parkingStatus":"unknown"},"geometry":{"type":"LineString","coordinates":[[145.0668144,-37.888135],[145.0667004,-37.8887391]]}},{"type":"Feature","id":"1156518458","properties":{"osmWayId":"1156518458","name":"Belgrave Road","parkingStatus":"unknown"},"geometry":{"type":"LineString","coordinates":[[145.0685279,-37.8790742],[145.0684371,-37.8795554]]}},{"type":"Feature","id":"1156518770","properties":{"osmWayId":"1156518770","name":"Bruce Street","parkingStatus":"unknown"},"geometry":{"type":"LineString","coordinates":[[145.0710864,-37.8842547],[145.0710611,-37.8843955],[145.0710524,-37.8844443],[145.0710478,-37.88447]]}},{"type":"Feature","id":"1156522211","properties":{"osmWayId":"1156522211","name":"Malvern Road","parkingStatus":"unknown"},"geometry":{"type":"LineString","coordinates":[[145.0672079,-37.8775303],[145.0675753,-37.8779668]]}},{"type":"Feature","id":"1163790992","properties":{"osmWayId":"1163790992","name":"Unnamed road","parkingStatus":"unknown"},"geometry":{"type":"LineString","coordinates":[[145.0693122,-37.8966083],[145.0694043,-37.8966191],[145.0703061,-37.8967369]]}},{"type":"Feature","id":"1163790993","properties":{"osmWayId":"1163790993","name":"Unnamed road","parkingStatus":"unknown"},"geometry":{"type":"LineString","coordinates":[[145.0703662,-37.8968182],[145.0703462,-37.8967982],[145.0703298,-37.8967708],[145.0703061,-37.8967369],[145.0703394,-37.8967214],[145.0703668,-37.8967061],[145.0703924,-37.8966932],[145.0704219,-37.8966874],[145.0704521,-37.8966892],[145.0704802,-37.8966984],[145.0705031,-37.8967141],[145.0705187,-37.8967347],[145.0705252,-37.8967581],[145.0705221,-37.8967819],[145.0705085,-37.896805],[145.070486,-37.8968233],[145.070457,-37.8968345],[145.0704249,-37.8968375],[145.0703935,-37.8968318],[145.0703662,-37.8968182]]}},{"type":"Feature","id":"1163790998","properties":{"osmWayId":"1163790998","name":"Unnamed road","parkingStatus":"unknown"},"geometry":{"type":"LineString","coordinates":[[145.0708123,-37.8961075],[145.0709338,-37.8961223],[145.0709761,-37.8961429],[145.0709899,-37.8961731],[145.0709746,-37.8962644]]}},{"type":"Feature","id":"1164122224","properties":{"osmWayId":"1164122224","name":"Mimosa Road","parkingStatus":"unknown"},"geometry":{"type":"LineString","coordinates":[[145.0519826,-37.8908244],[145.051947,-37.8910039],[145.0519389,-37.8910343],[145.0519117,-37.8911188],[145.0519031,-37.8911488],[145.0518926,-37.891193],[145.0513792,-37.8938671],[145.051371,-37.8939097]]}},{"type":"Feature","id":"1164122225","properties":{"osmWayId":"1164122225","name":"Glen Huntly Road","parkingStatus":"unknown"},"geometry":{"type":"LineString","coordinates":[[145.0519654,-37.8905965],[145.05188,-37.8905861]]}},{"type":"Feature","id":"1166300070","properties":{"osmWayId":"1166300070","name":"Normanby Road","parkingStatus":"unknown"},"geometry":{"type":"LineString","coordinates":[[145.0440502,-37.8789216],[145.0436848,-37.878697]]}},{"type":"Feature","id":"1168155229","properties":{"osmWayId":"1168155229","name":"Kangaroo Road","parkingStatus":"unknown"},"geometry":{"type":"LineString","coordinates":[[145.065126,-37.8971171],[145.0652361,-37.8971306],[145.0652525,-37.8971326],[145.0652799,-37.8971359],[145.0656724,-37.8971838]]}},{"type":"Feature","id":"1169506732","properties":{"osmWayId":"1169506732","name":"Unnamed road","parkingStatus":"unknown"},"geometry":{"type":"LineString","coordinates":[[145.0453502,-37.8779379],[145.0453395,-37.8779956],[145.0452759,-37.8783382],[145.0452369,-37.8785486]]}},{"type":"Feature","id":"1169737170","properties":{"osmWayId":"1169737170","name":"Neerim Road","parkingStatus":"unknown"},"geometry":{"type":"LineString","coordinates":[[145.0680499,-37.890091],[145.0678638,-37.8900065],[145.0676364,-37.8899028],[145.0674174,-37.8898038]]}},{"type":"Feature","id":"1170485478","properties":{"osmWayId":"1170485478","name":"Bruce Street","parkingStatus":"unknown"},"geometry":{"type":"LineString","coordinates":[[145.0714623,-37.8799203],[145.0714592,-37.879983],[145.0714554,-37.880006],[145.0714088,-37.8802621],[145.0714059,-37.8803063],[145.0714103,-37.8803534],[145.0714327,-37.8804503]]}},{"type":"Feature","id":"1180136252","properties":{"osmWayId":"1180136252","name":"Unnamed road","parkingStatus":"unknown"},"geometry":{"type":"LineString","coordinates":[[145.0464266,-37.8794532],[145.0456494,-37.8789256]]}},{"type":"Feature","id":"1180567722","properties":{"osmWayId":"1180567722","name":"Unnamed road","parkingStatus":"unknown"},"geometry":{"type":"LineString","coordinates":[[145.0446996,-37.878367],[145.0448913,-37.8785651]]}},{"type":"Feature","id":"1182807313","properties":{"osmWayId":"1182807313","name":"Murrumbeena Road","parkingStatus":"unknown"},"geometry":{"type":"LineString","coordinates":[[145.0652267,-37.8965992],[145.0651471,-37.8970084],[145.065126,-37.8971171]]}},{"type":"Feature","id":"1182807314","properties":{"osmWayId":"1182807314","name":"Murrumbeena Road","parkingStatus":"unknown"},"geometry":{"type":"LineString","coordinates":[[145.0652748,-37.896369],[145.0652267,-37.8965992]]}},{"type":"Feature","id":"1182955142","properties":{"osmWayId":"1182955142","name":"Unnamed road","parkingStatus":"unknown"},"geometry":{"type":"LineString","coordinates":[[145.063498,-37.8954197],[145.0634498,-37.8953958],[145.0634269,-37.8953707],[145.0634209,-37.8953298],[145.0634319,-37.8952747],[145.0634648,-37.8952133],[145.0635013,-37.8950572],[145.0635435,-37.8948767],[145.0635664,-37.8948554],[145.0635983,-37.8948468],[145.0636071,-37.8948479],[145.0636916,-37.8948585]]}},{"type":"Feature","id":"1182955143","properties":{"osmWayId":"1182955143","name":"Unnamed road","parkingStatus":"unknown"},"geometry":{"type":"LineString","coordinates":[[145.0635809,-37.8954287],[145.063498,-37.8954197],[145.0634444,-37.8954195],[145.0633812,-37.8954403]]}},{"type":"Feature","id":"1187977576","properties":{"osmWayId":"1187977576","name":"Unnamed road","parkingStatus":"unknown"},"geometry":{"type":"LineString","coordinates":[[145.068942,-37.8909686],[145.0690406,-37.8908929],[145.0691459,-37.8908121],[145.0692076,-37.8907648]]}},{"type":"Feature","id":"1187986885","properties":{"osmWayId":"1187986885","name":"Hobart Road","parkingStatus":"unknown"},"geometry":{"type":"LineString","coordinates":[[145.0704154,-37.8850812],[145.0704121,-37.8849195],[145.0704162,-37.8848625],[145.0704121,-37.8848208],[145.0703914,-37.8847752]]}},{"type":"Feature","id":"1187986886","properties":{"osmWayId":"1187986886","name":"Hobart Road","parkingStatus":"unknown"},"geometry":{"type":"LineString","coordinates":[[145.0705425,-37.8847854],[145.070506,-37.8848253],[145.0704884,-37.8848658],[145.0704744,-37.8849288],[145.0704154,-37.8850812]]}},{"type":"Feature","id":"1189312215","properties":{"osmWayId":"1189312215","name":"Unnamed road","parkingStatus":"unknown"},"geometry":{"type":"LineString","coordinates":[[145.0690899,-37.8861918],[145.0691322,-37.8859497],[145.0691422,-37.8858927]]}},{"type":"Feature","id":"1189312217","properties":{"osmWayId":"1189312217","name":"Unnamed road","parkingStatus":"unknown"},"geometry":{"type":"LineString","coordinates":[[145.0678929,-37.8860998],[145.0678177,-37.8860765],[145.0678112,-37.8860628],[145.0678579,-37.8857986],[145.0678678,-37.8857428]]}},{"type":"Feature","id":"1189798305","properties":{"osmWayId":"1189798305","name":"Kangaroo Road","parkingStatus":"unknown"},"geometry":{"type":"LineString","coordinates":[[145.0710508,-37.8978452],[145.0718383,-37.8979399],[145.0720347,-37.8979643],[145.0730841,-37.8980922],[145.0732791,-37.8981167]]}},{"type":"Feature","id":"1189798306","properties":{"osmWayId":"1189798306","name":"Kangaroo Road","parkingStatus":"unknown"},"geometry":{"type":"LineString","coordinates":[[145.067611,-37.8974206],[145.0676932,-37.8974315]]}},{"type":"Feature","id":"1189816765","properties":{"osmWayId":"1189816765","name":"Unnamed road","parkingStatus":"unknown"},"geometry":{"type":"LineString","coordinates":[[145.0587027,-37.8864807],[145.0587976,-37.8863451],[145.0591795,-37.8865116],[145.0594702,-37.8866383],[145.0594026,-37.8867349],[145.059379,-37.8867686]]}},{"type":"Feature","id":"1189816786","properties":{"osmWayId":"1189816786","name":"Unnamed road","parkingStatus":"unknown"},"geometry":{"type":"LineString","coordinates":[[145.0473146,-37.8900323],[145.0473184,-37.8900182],[145.0473345,-37.8899576],[145.0473786,-37.8899343],[145.0474199,-37.8899308],[145.0474818,-37.8899382],[145.0474959,-37.8899397],[145.0475867,-37.8899497]]}},{"type":"Feature","id":"1190298616","properties":{"osmWayId":"1190298616","name":"Unnamed road","parkingStatus":"unknown"},"geometry":{"type":"LineString","coordinates":[[145.0446023,-37.8783543],[145.0446996,-37.878367]]}},{"type":"Feature","id":"1195538763","properties":{"osmWayId":"1195538763","name":"Kangaroo Road","parkingStatus":"unknown"},"geometry":{"type":"LineString","coordinates":[[145.0704429,-37.8977694],[145.0707609,-37.8978077],[145.0708902,-37.8978226],[145.0710508,-37.8978452]]}},{"type":"Feature","id":"1195538764","properties":{"osmWayId":"1195538764","name":"Kangaroo Road","parkingStatus":"unknown"},"geometry":{"type":"LineString","coordinates":[[145.0693041,-37.8976285],[145.0698231,-37.8976926],[145.0704429,-37.8977694]]}},{"type":"Feature","id":"1195538765","properties":{"osmWayId":"1195538765","name":"Kangaroo Road","parkingStatus":"unknown"},"geometry":{"type":"LineString","coordinates":[[145.0689218,-37.8975822],[145.06912,-37.8976058],[145.0693041,-37.8976285]]}},{"type":"Feature","id":"1195538766","properties":{"osmWayId":"1195538766","name":"Kangaroo Road","parkingStatus":"unknown"},"geometry":{"type":"LineString","coordinates":[[145.0685793,-37.8975405],[145.0687488,-37.8975615],[145.0689218,-37.8975822]]}},{"type":"Feature","id":"1195538767","properties":{"osmWayId":"1195538767","name":"Kangaroo Road","parkingStatus":"unknown"},"geometry":{"type":"LineString","coordinates":[[145.0678049,-37.8974447],[145.0685793,-37.8975405]]}},{"type":"Feature","id":"1195538768","properties":{"osmWayId":"1195538768","name":"Kangaroo Road","parkingStatus":"unknown"},"geometry":{"type":"LineString","coordinates":[[145.067386,-37.8973935],[145.0674809,-37.8974051]]}},{"type":"Feature","id":"1195538769","properties":{"osmWayId":"1195538769","name":"Kangaroo Road","parkingStatus":"unknown"},"geometry":{"type":"LineString","coordinates":[[145.0676932,-37.8974315],[145.0678049,-37.8974447]]}},{"type":"Feature","id":"1195538770","properties":{"osmWayId":"1195538770","name":"Kangaroo Road","parkingStatus":"unknown"},"geometry":{"type":"LineString","coordinates":[[145.0666431,-37.8973024],[145.067386,-37.8973935]]}},{"type":"Feature","id":"1195538771","properties":{"osmWayId":"1195538771","name":"Kangaroo Road","parkingStatus":"unknown"},"geometry":{"type":"LineString","coordinates":[[145.0656724,-37.8971838],[145.0662454,-37.8972538]]}},{"type":"Feature","id":"1195538772","properties":{"osmWayId":"1195538772","name":"Railway Parade","parkingStatus":"unknown"},"geometry":{"type":"LineString","coordinates":[[145.0674,-37.8905724],[145.0675949,-37.890676]]}},{"type":"Feature","id":"1195538773","properties":{"osmWayId":"1195538773","name":"Railway Parade","parkingStatus":"unknown"},"geometry":{"type":"LineString","coordinates":[[145.0669928,-37.8904064],[145.0670985,-37.8904437],[145.0672102,-37.890486],[145.067338,-37.890542],[145.0674,-37.8905724]]}},{"type":"Feature","id":"1195538774","properties":{"osmWayId":"1195538774","name":"Neerim Road","parkingStatus":"unknown"},"geometry":{"type":"LineString","coordinates":[[145.0662607,-37.8902692],[145.0662945,-37.8902738],[145.0664157,-37.8902905]]}},{"type":"Feature","id":"1195538775","properties":{"osmWayId":"1195538775","name":"Neerim Road","parkingStatus":"unknown"},"geometry":{"type":"LineString","coordinates":[[145.0655851,-37.8901915],[145.0658343,-37.8902198],[145.0659043,-37.8902278],[145.0659675,-37.8902351]]}},{"type":"Feature","id":"1195538776","properties":{"osmWayId":"1195538776","name":"Neerim Road","parkingStatus":"unknown"},"geometry":{"type":"LineString","coordinates":[[145.0583246,-37.8893488],[145.0591417,-37.8894436]]}},{"type":"Feature","id":"1195538777","properties":{"osmWayId":"1195538777","name":"Neerim Road","parkingStatus":"unknown"},"geometry":{"type":"LineString","coordinates":[[145.0573991,-37.8892414],[145.0576041,-37.8892652]]}},{"type":"Feature","id":"1195538778","properties":{"osmWayId":"1195538778","name":"Neerim Road","parkingStatus":"unknown"},"geometry":{"type":"LineString","coordinates":[[145.0567449,-37.8890986],[145.0569026,-37.8891488],[145.0569228,-37.8891552]]}},{"type":"Feature","id":"1195538779","properties":{"osmWayId":"1195538779","name":"Neerim Road","parkingStatus":"unknown"},"geometry":{"type":"LineString","coordinates":[[145.0468397,-37.8873521],[145.0469338,-37.8873638],[145.0473995,-37.887422]]}},{"type":"Feature","id":"1195884305","properties":{"osmWayId":"1195884305","name":"Koornang Road","parkingStatus":"unknown"},"geometry":{"type":"LineString","coordinates":[[145.0547459,-37.9014341],[145.0550873,-37.8996448]]}},{"type":"Feature","id":"1195884308","properties":{"osmWayId":"1195884308","name":"Koornang Road","parkingStatus":"unknown"},"geometry":{"type":"LineString","coordinates":[[145.0560912,-37.894319],[145.0560622,-37.8944734],[145.0560355,-37.8946226],[145.0559451,-37.8950968]]}},{"type":"Feature","id":"1195884309","properties":{"osmWayId":"1195884309","name":"Koornang Road","parkingStatus":"unknown"},"geometry":{"type":"LineString","coordinates":[[145.056244,-37.8935345],[145.0562072,-37.8937312]]}},{"type":"Feature","id":"1195884310","properties":{"osmWayId":"1195884310","name":"Koornang Road","parkingStatus":"unknown"},"geometry":{"type":"LineString","coordinates":[[145.0564661,-37.892379],[145.056244,-37.8935345]]}},{"type":"Feature","id":"1195884311","properties":{"osmWayId":"1195884311","name":"Koornang Road","parkingStatus":"unknown"},"geometry":{"type":"LineString","coordinates":[[145.0565959,-37.8917106],[145.0564885,-37.8922618]]}},{"type":"Feature","id":"1195884312","properties":{"osmWayId":"1195884312","name":"Koornang Road","parkingStatus":"unknown"},"geometry":{"type":"LineString","coordinates":[[145.0566294,-37.8915397],[145.0566172,-37.8916048],[145.0565959,-37.8917106]]}},{"type":"Feature","id":"1195884313","properties":{"osmWayId":"1195884313","name":"Koornang Road","parkingStatus":"unknown"},"geometry":{"type":"LineString","coordinates":[[145.0570326,-37.8894332],[145.0569947,-37.8896277]]}},{"type":"Feature","id":"1195990198","properties":{"osmWayId":"1195990198","name":"Neerim Road","parkingStatus":"unknown"},"geometry":{"type":"LineString","coordinates":[[145.043595,-37.8869459],[145.0441247,-37.8870129],[145.0451864,-37.8871439]]}},{"type":"Feature","id":"1195990200","properties":{"osmWayId":"1195990200","name":"Neerim Road","parkingStatus":"unknown"},"geometry":{"type":"LineString","coordinates":[[145.0451864,-37.8871439],[145.0453783,-37.8871687],[145.0455628,-37.8871926]]}},{"type":"Feature","id":"1196643264","properties":{"osmWayId":"1196643264","name":"Neerim Road","parkingStatus":"unknown"},"geometry":{"type":"LineString","coordinates":[[145.0671613,-37.8896886],[145.0668522,-37.8895486]]}},{"type":"Feature","id":"1196643265","properties":{"osmWayId":"1196643265","name":"Neerim Road","parkingStatus":"unknown"},"geometry":{"type":"LineString","coordinates":[[145.0674174,-37.8898038],[145.067255,-37.8897308],[145.0671613,-37.8896886]]}},{"type":"Feature","id":"1198858358","properties":{"osmWayId":"1198858358","name":"Unnamed road","parkingStatus":"unknown"},"geometry":{"type":"LineString","coordinates":[[145.0588391,-37.8867429],[145.0588913,-37.8867879],[145.0589292,-37.8868017]]}},{"type":"Feature","id":"1198858371","properties":{"osmWayId":"1198858371","name":"Unnamed road","parkingStatus":"unknown"},"geometry":{"type":"LineString","coordinates":[[145.0597219,-37.886608],[145.0597174,-37.8866147],[145.0597031,-37.8866364],[145.0596977,-37.8866438]]}},{"type":"Feature","id":"1198858372","properties":{"osmWayId":"1198858372","name":"Unnamed road","parkingStatus":"unknown"},"geometry":{"type":"LineString","coordinates":[[145.0597719,-37.8865434],[145.0597256,-37.8866032],[145.0597219,-37.886608]]}},{"type":"Feature","id":"1199673927","properties":{"osmWayId":"1199673927","name":"Unnamed road","parkingStatus":"unknown"},"geometry":{"type":"LineString","coordinates":[[145.0559167,-37.8910403],[145.0559033,-37.8911063],[145.055892,-37.8911618]]}},{"type":"Feature","id":"1214249449","properties":{"osmWayId":"1214249449","name":"Neerim Road","parkingStatus":"unknown"},"geometry":{"type":"LineString","coordinates":[[145.0714371,-37.8909587],[145.0713088,-37.890943],[145.0711739,-37.890926]]}},{"type":"Feature","id":"1214249450","properties":{"osmWayId":"1214249450","name":"Neerim Road","parkingStatus":"unknown"},"geometry":{"type":"LineString","coordinates":[[145.0728572,-37.891135],[145.0719416,-37.8910213],[145.0714371,-37.8909587]]}},{"type":"Feature","id":"1214250750","properties":{"osmWayId":"1214250750","name":"Neerim Road","parkingStatus":"unknown"},"geometry":{"type":"LineString","coordinates":[[145.0693485,-37.8906784],[145.0691508,-37.89059]]}},{"type":"Feature","id":"1214250751","properties":{"osmWayId":"1214250751","name":"Neerim Road","parkingStatus":"unknown"},"geometry":{"type":"LineString","coordinates":[[145.0711739,-37.890926],[145.0695458,-37.8907291]]}},{"type":"Feature","id":"1219919643","properties":{"osmWayId":"1219919643","name":"Unnamed road","parkingStatus":"unknown"},"geometry":{"type":"LineString","coordinates":[[145.0676327,-37.8789029],[145.067639,-37.878866],[145.0677204,-37.8786656]]}},{"type":"Feature","id":"1221728519","properties":{"osmWayId":"1221728519","name":"Moonya Road","parkingStatus":"unknown"},"geometry":{"type":"LineString","coordinates":[[145.0650615,-37.8974742],[145.0649552,-37.8974499],[145.0647588,-37.8974049]]}},{"type":"Feature","id":"1221728520","properties":{"osmWayId":"1221728520","name":"Moonya Road","parkingStatus":"unknown"},"geometry":{"type":"LineString","coordinates":[[145.0647588,-37.8974049],[145.0649628,-37.897409],[145.0649739,-37.8974092],[145.0650061,-37.8974057],[145.0650748,-37.8973982]]}},{"type":"Feature","id":"1221728521","properties":{"osmWayId":"1221728521","name":"Murrumbeena Road","parkingStatus":"unknown"},"geometry":{"type":"LineString","coordinates":[[145.0650748,-37.8973982],[145.0650615,-37.8974742]]}},{"type":"Feature","id":"1221728522","properties":{"osmWayId":"1221728522","name":"Woornack Road","parkingStatus":"unknown"},"geometry":{"type":"LineString","coordinates":[[145.0648348,-37.8986856],[145.0647211,-37.8986686],[145.0646644,-37.8986618],[145.0645261,-37.8986241]]}},{"type":"Feature","id":"1221728523","properties":{"osmWayId":"1221728523","name":"Woornack Road","parkingStatus":"unknown"},"geometry":{"type":"LineString","coordinates":[[145.0645261,-37.8986241],[145.0646711,-37.8986255],[145.0647275,-37.8986315],[145.0647728,-37.8986367],[145.0648425,-37.8986443]]}},{"type":"Feature","id":"1221728524","properties":{"osmWayId":"1221728524","name":"Rosanna Street","parkingStatus":"unknown"},"geometry":{"type":"LineString","coordinates":[[145.0644289,-37.8994277],[145.064531,-37.899424],[145.0645875,-37.8994297],[145.064619,-37.8994329],[145.0646967,-37.8994408]]}},{"type":"Feature","id":"1221728525","properties":{"osmWayId":"1221728525","name":"Rosanna Street","parkingStatus":"unknown"},"geometry":{"type":"LineString","coordinates":[[145.064688,-37.8994881],[145.06458,-37.8994699],[145.0645146,-37.899459],[145.0644289,-37.8994277]]}},{"type":"Feature","id":"1221728526","properties":{"osmWayId":"1221728526","name":"Oakleigh Road","parkingStatus":"unknown"},"geometry":{"type":"LineString","coordinates":[[145.0641611,-37.9005299],[145.0643749,-37.9005352],[145.0644142,-37.9005377],[145.064492,-37.9005428]]}},{"type":"Feature","id":"1221728527","properties":{"osmWayId":"1221728527","name":"Oakleigh Road","parkingStatus":"unknown"},"geometry":{"type":"LineString","coordinates":[[145.0644831,-37.9005931],[145.0643682,-37.900571],[145.0641611,-37.9005299]]}},{"type":"Feature","id":"1221728543","properties":{"osmWayId":"1221728543","name":"Second Avenue","parkingStatus":"unknown"},"geometry":{"type":"LineString","coordinates":[[145.0676932,-37.8974315],[145.0676396,-37.8975083],[145.0675881,-37.897634]]}},{"type":"Feature","id":"1221728544","properties":{"osmWayId":"1221728544","name":"Second Avenue","parkingStatus":"unknown"},"geometry":{"type":"LineString","coordinates":[[145.0675881,-37.897634],[145.06757,-37.8975003],[145.067535,-37.8974118]]}},{"type":"Feature","id":"1221728545","properties":{"osmWayId":"1221728545","name":"Kangaroo Road","parkingStatus":"unknown"},"geometry":{"type":"LineString","coordinates":[[145.067535,-37.8974118],[145.067611,-37.8974206]]}},{"type":"Feature","id":"1221728546","properties":{"osmWayId":"1221728546","name":"Ardyne Street","parkingStatus":"unknown"},"geometry":{"type":"LineString","coordinates":[[145.0675933,-37.8971954],[145.0676009,-37.8973347],[145.067611,-37.8974206]]}},{"type":"Feature","id":"1221728547","properties":{"osmWayId":"1221728547","name":"Ardyne Street","parkingStatus":"unknown"},"geometry":{"type":"LineString","coordinates":[[145.0674809,-37.8974051],[145.0675354,-37.8973275],[145.0675933,-37.8971954]]}},{"type":"Feature","id":"1221728556","properties":{"osmWayId":"1221728556","name":"Henty Street","parkingStatus":"unknown"},"geometry":{"type":"LineString","coordinates":[[145.0693715,-37.8999478],[145.0693579,-37.8999886],[145.0693511,-37.9000144],[145.0693382,-37.9000804],[145.0692149,-37.900748]]}},{"type":"Feature","id":"1221728558","properties":{"osmWayId":"1221728558","name":"Henty Street","parkingStatus":"unknown"},"geometry":{"type":"LineString","coordinates":[[145.0698231,-37.8976926],[145.0698085,-37.8977732],[145.0694385,-37.8997472],[145.069417,-37.8998373],[145.0694053,-37.899873]]}},{"type":"Feature","id":"1223733333","properties":{"osmWayId":"1223733333","name":"Unnamed road","parkingStatus":"unknown"},"geometry":{"type":"LineString","coordinates":[[145.0454194,-37.8968269],[145.0453156,-37.8968124],[145.0446392,-37.8967297]]}},{"type":"Feature","id":"1223733334","properties":{"osmWayId":"1223733334","name":"Unnamed road","parkingStatus":"unknown"},"geometry":{"type":"LineString","coordinates":[[145.0454636,-37.8966052],[145.045361,-37.8965913],[145.0446213,-37.8965043]]}},{"type":"Feature","id":"1223734633","properties":{"osmWayId":"1223734633","name":"Unnamed road","parkingStatus":"unknown"},"geometry":{"type":"LineString","coordinates":[[145.0448663,-37.8971972],[145.0448336,-37.897274],[145.0448239,-37.8973017],[145.0448017,-37.897411],[145.0448787,-37.8974208]]}},{"type":"Feature","id":"1223734634","properties":{"osmWayId":"1223734634","name":"Unnamed road","parkingStatus":"unknown"},"geometry":{"type":"LineString","coordinates":[[145.0447584,-37.897527],[145.0448087,-37.8972709],[145.0448242,-37.8971922]]}},{"type":"Feature","id":"1223734635","properties":{"osmWayId":"1223734635","name":"Unnamed road","parkingStatus":"unknown"},"geometry":{"type":"LineString","coordinates":[[145.0449401,-37.8972025],[145.0449591,-37.8971167],[145.0449659,-37.8970876]]}},{"type":"Feature","id":"1223734636","properties":{"osmWayId":"1223734636","name":"Unnamed road","parkingStatus":"unknown"},"geometry":{"type":"LineString","coordinates":[[145.0443249,-37.8971331],[145.0443439,-37.897045],[145.0444084,-37.896747],[145.0444381,-37.8966095]]}},{"type":"Feature","id":"1223734637","properties":{"osmWayId":"1223734637","name":"Unnamed road","parkingStatus":"unknown"},"geometry":{"type":"LineString","coordinates":[[145.044317,-37.896738],[145.0444084,-37.896747]]}},{"type":"Feature","id":"1223734638","properties":{"osmWayId":"1223734638","name":"Unnamed road","parkingStatus":"unknown"},"geometry":{"type":"LineString","coordinates":[[145.0446958,-37.8970185],[145.0446822,-37.8970844],[145.0446639,-37.8971732]]}},{"type":"Feature","id":"1223734639","properties":{"osmWayId":"1223734639","name":"Unnamed road","parkingStatus":"unknown"},"geometry":{"type":"LineString","coordinates":[[145.0446587,-37.8970161],[145.0446439,-37.89708],[145.0446235,-37.8971684]]}},{"type":"Feature","id":"1223734640","properties":{"osmWayId":"1223734640","name":"Unnamed road","parkingStatus":"unknown"},"geometry":{"type":"LineString","coordinates":[[145.0444446,-37.8971472],[145.044429,-37.8972246],[145.0444136,-37.8973006]]}},{"type":"Feature","id":"1223734641","properties":{"osmWayId":"1223734641","name":"Unnamed road","parkingStatus":"unknown"},"geometry":{"type":"LineString","coordinates":[[145.0446135,-37.8971672],[145.0445932,-37.8972446],[145.0445769,-37.8973065]]}},{"type":"Feature","id":"1223734642","properties":{"osmWayId":"1223734642","name":"Unnamed road","parkingStatus":"unknown"},"geometry":{"type":"LineString","coordinates":[[145.0446451,-37.8971709],[145.0446286,-37.897249],[145.0446192,-37.8972939]]}},{"type":"Feature","id":"1223985333","properties":{"osmWayId":"1223985333","name":"Unnamed road","parkingStatus":"unknown"},"geometry":{"type":"LineString","coordinates":[[145.0455058,-37.8963839],[145.0454056,-37.8963702],[145.044596,-37.896273],[145.0445564,-37.8962682]]}},{"type":"Feature","id":"1224705552","properties":{"osmWayId":"1224705552","name":"Unnamed road","parkingStatus":"unknown"},"geometry":{"type":"LineString","coordinates":[[145.0446422,-37.8958456],[145.0446578,-37.8957663],[145.0447684,-37.8952027],[145.0448676,-37.8946471],[145.0448832,-37.8945597]]}},{"type":"Feature","id":"1225581625","properties":{"osmWayId":"1225581625","name":"Kangaroo Road","parkingStatus":"unknown"},"geometry":{"type":"LineString","coordinates":[[145.0674809,-37.8974051],[145.067535,-37.8974118]]}},{"type":"Feature","id":"1230587397","properties":{"osmWayId":"1230587397","name":"Unnamed road","parkingStatus":"unknown"},"geometry":{"type":"LineString","coordinates":[[145.060852,-37.8941556],[145.0608473,-37.8941842],[145.0608423,-37.8942193],[145.0608413,-37.8942265],[145.0608379,-37.8943165],[145.0608332,-37.8943646],[145.0608252,-37.8944159],[145.0608098,-37.8944916],[145.0607789,-37.8946689],[145.0607548,-37.8947938]]}},{"type":"Feature","id":"1231317053","properties":{"osmWayId":"1231317053","name":"Murrumbeena Road","parkingStatus":"unknown"},"geometry":{"type":"LineString","coordinates":[[145.0647212,-37.8993154],[145.0646967,-37.8994408]]}},{"type":"Feature","id":"1241848265","properties":{"osmWayId":"1241848265","name":"Unnamed road","parkingStatus":"unknown"},"geometry":{"type":"LineString","coordinates":[[145.0516296,-37.8953754],[145.0516529,-37.8952444],[145.0516627,-37.8951893],[145.0516906,-37.8950326],[145.0517133,-37.894905],[145.0517409,-37.89475],[145.0517663,-37.8946071],[145.0517921,-37.8944622],[145.0518231,-37.8942819],[145.0518486,-37.8941399],[145.0518787,-37.8939717]]}},{"type":"Feature","id":"1241848267","properties":{"osmWayId":"1241848267","name":"Unnamed road","parkingStatus":"unknown"},"geometry":{"type":"LineString","coordinates":[[145.0514653,-37.8942413],[145.0518231,-37.8942819]]}},{"type":"Feature","id":"1241848268","properties":{"osmWayId":"1241848268","name":"Unnamed road","parkingStatus":"unknown"},"geometry":{"type":"LineString","coordinates":[[145.0514603,-37.8944237],[145.0517921,-37.8944622]]}},{"type":"Feature","id":"1242698065","properties":{"osmWayId":"1242698065","name":"Neerim Road","parkingStatus":"unknown"},"geometry":{"type":"LineString","coordinates":[[145.0459654,-37.8872429],[145.0460032,-37.8872475]]}},{"type":"Feature","id":"1242698066","properties":{"osmWayId":"1242698066","name":"Neerim Road","parkingStatus":"unknown"},"geometry":{"type":"LineString","coordinates":[[145.0455628,-37.8871926],[145.0459654,-37.8872429]]}},{"type":"Feature","id":"1242698067","properties":{"osmWayId":"1242698067","name":"Neerim Road","parkingStatus":"unknown"},"geometry":{"type":"LineString","coordinates":[[145.0463019,-37.8872849],[145.0468397,-37.8873521]]}},{"type":"Feature","id":"1242698068","properties":{"osmWayId":"1242698068","name":"Neerim Road","parkingStatus":"unknown"},"geometry":{"type":"LineString","coordinates":[[145.0462621,-37.8872799],[145.0463019,-37.8872849]]}},{"type":"Feature","id":"1242701655","properties":{"osmWayId":"1242701655","name":"Murrumbeena Road","parkingStatus":"unknown"},"geometry":{"type":"LineString","coordinates":[[145.0674159,-37.8849577],[145.0674244,-37.8849142]]}},{"type":"Feature","id":"1242701656","properties":{"osmWayId":"1242701656","name":"Murrumbeena Road","parkingStatus":"unknown"},"geometry":{"type":"LineString","coordinates":[[145.0674244,-37.8849142],[145.0674379,-37.8848557]]}},{"type":"Feature","id":"1242701657","properties":{"osmWayId":"1242701657","name":"Murrumbeena Road","parkingStatus":"unknown"},"geometry":{"type":"LineString","coordinates":[[145.0665919,-37.8893066],[145.0665853,-37.8893391]]}},{"type":"Feature","id":"1242701658","properties":{"osmWayId":"1242701658","name":"Murrumbeena Road","parkingStatus":"unknown"},"geometry":{"type":"LineString","coordinates":[[145.0665853,-37.8893391],[145.0665826,-37.8893524],[145.066568,-37.8894241]]}},{"type":"Feature","id":"1242701659","properties":{"osmWayId":"1242701659","name":"Murrumbeena Road","parkingStatus":"unknown"},"geometry":{"type":"LineString","coordinates":[[145.066552,-37.8895026],[145.0665295,-37.8896362]]}},{"type":"Feature","id":"1242701661","properties":{"osmWayId":"1242701661","name":"Railway Parade","parkingStatus":"unknown"},"geometry":{"type":"LineString","coordinates":[[145.0665645,-37.8903162],[145.0666091,-37.8903227]]}},{"type":"Feature","id":"1242701662","properties":{"osmWayId":"1242701662","name":"Railway Parade","parkingStatus":"unknown"},"geometry":{"type":"LineString","coordinates":[[145.0664157,-37.8902905],[145.0665515,-37.8903143],[145.0665645,-37.8903162]]}},{"type":"Feature","id":"1242701663","properties":{"osmWayId":"1242701663","name":"Murrumbeena Road","parkingStatus":"unknown"},"geometry":{"type":"LineString","coordinates":[[145.0663888,-37.890435],[145.0662982,-37.8909228]]}},{"type":"Feature","id":"1242701664","properties":{"osmWayId":"1242701664","name":"Murrumbeena Road","parkingStatus":"unknown"},"geometry":{"type":"LineString","coordinates":[[145.0663941,-37.8904064],[145.0663888,-37.890435]]}},{"type":"Feature","id":"1242701665","properties":{"osmWayId":"1242701665","name":"Murrumbeena Road","parkingStatus":"unknown"},"geometry":{"type":"LineString","coordinates":[[145.0664391,-37.8901561],[145.0664345,-37.8901826]]}},{"type":"Feature","id":"1242701666","properties":{"osmWayId":"1242701666","name":"Murrumbeena Road","parkingStatus":"unknown"},"geometry":{"type":"LineString","coordinates":[[145.0664345,-37.8901826],[145.066432,-37.8901969],[145.0664157,-37.8902905]]}},{"type":"Feature","id":"1242701667","properties":{"osmWayId":"1242701667","name":"Neerim Road","parkingStatus":"unknown"},"geometry":{"type":"LineString","coordinates":[[145.0662231,-37.8902648],[145.0662607,-37.8902692]]}},{"type":"Feature","id":"1242701668","properties":{"osmWayId":"1242701668","name":"Neerim Road","parkingStatus":"unknown"},"geometry":{"type":"LineString","coordinates":[[145.0659675,-37.8902351],[145.0662231,-37.8902648]]}},{"type":"Feature","id":"1242701669","properties":{"osmWayId":"1242701669","name":"Neerim Road","parkingStatus":"unknown"},"geometry":{"type":"LineString","coordinates":[[145.0572197,-37.8892206],[145.0573991,-37.8892414]]}},{"type":"Feature","id":"1242701670","properties":{"osmWayId":"1242701670","name":"Neerim Road","parkingStatus":"unknown"},"geometry":{"type":"LineString","coordinates":[[145.0571913,-37.8892173],[145.0572197,-37.8892206]]}},{"type":"Feature","id":"1242701671","properties":{"osmWayId":"1242701671","name":"Neerim Road","parkingStatus":"unknown"},"geometry":{"type":"LineString","coordinates":[[145.0569228,-37.8891552],[145.0569542,-37.8891652]]}},{"type":"Feature","id":"1242701672","properties":{"osmWayId":"1242701672","name":"Neerim Road","parkingStatus":"unknown"},"geometry":{"type":"LineString","coordinates":[[145.0569542,-37.8891652],[145.0569671,-37.8891693],[145.0569903,-37.8891767],[145.0570384,-37.889192],[145.0570772,-37.8892015]]}},{"type":"Feature","id":"1254269427","properties":{"osmWayId":"1254269427","name":"Cooinda Place","parkingStatus":"unknown"},"geometry":{"type":"LineString","coordinates":[[145.0669602,-37.8801267],[145.066917,-37.880129],[145.0668837,-37.8801194],[145.0668691,-37.8801014],[145.066867,-37.8800865],[145.0668621,-37.8800521],[145.066864,-37.8800042],[145.0668644,-37.8799922],[145.0668779,-37.8799692],[145.0669129,-37.8799447],[145.0669444,-37.8799401],[145.0669899,-37.8799438],[145.0670555,-37.8799504]]}},{"type":"Feature","id":"1254269439","properties":{"osmWayId":"1254269439","name":"Unnamed road","parkingStatus":"unknown"},"geometry":{"type":"LineString","coordinates":[[145.0673325,-37.8801836],[145.0670181,-37.8801435],[145.0669795,-37.8801343],[145.0669602,-37.8801267]]}},{"type":"Feature","id":"1254269448","properties":{"osmWayId":"1254269448","name":"Unnamed road","parkingStatus":"unknown"},"geometry":{"type":"LineString","coordinates":[[145.0676065,-37.880046],[145.0675811,-37.8801827]]}},{"type":"Feature","id":"1255461736","properties":{"osmWayId":"1255461736","name":"Murrumbeena Road","parkingStatus":"unknown"},"geometry":{"type":"LineString","coordinates":[[145.066568,-37.8894241],[145.0665612,-37.8894576],[145.066552,-37.8895026]]}},{"type":"Feature","id":"1255461766","properties":{"osmWayId":"1255461766","name":"Queens Avenue","parkingStatus":"unknown"},"geometry":{"type":"LineString","coordinates":[[145.0445255,-37.878762],[145.0444668,-37.8790687]]}},{"type":"Feature","id":"1256354526","properties":{"osmWayId":"1256354526","name":"Unnamed road","parkingStatus":"unknown"},"geometry":{"type":"LineString","coordinates":[[145.0498153,-37.8817158],[145.0498797,-37.8816756]]}},{"type":"Feature","id":"1258456930","properties":{"osmWayId":"1258456930","name":"Unnamed road","parkingStatus":"unknown"},"geometry":{"type":"LineString","coordinates":[[145.0659868,-37.8897545],[145.0659975,-37.8897475],[145.066177,-37.8897689]]}},{"type":"Feature","id":"1258456950","properties":{"osmWayId":"1258456950","name":"Unnamed road","parkingStatus":"unknown"},"geometry":{"type":"LineString","coordinates":[[145.0615225,-37.8877748],[145.0615354,-37.8877635],[145.0615521,-37.887749],[145.0615725,-37.8877462]]}},{"type":"Feature","id":"1258456951","properties":{"osmWayId":"1258456951","name":"Unnamed road","parkingStatus":"unknown"},"geometry":{"type":"LineString","coordinates":[[145.0615225,-37.8877748],[145.0614547,-37.88783]]}},{"type":"Feature","id":"1258456952","properties":{"osmWayId":"1258456952","name":"Tranmere Avenue","parkingStatus":"unknown"},"geometry":{"type":"LineString","coordinates":[[145.0614547,-37.88783],[145.0614662,-37.8878482],[145.0614693,-37.8878662]]}},{"type":"Feature","id":"1258456953","properties":{"osmWayId":"1258456953","name":"Jersey Parade","parkingStatus":"unknown"},"geometry":{"type":"LineString","coordinates":[[145.0613495,-37.8878018],[145.0604694,-37.8877047],[145.0594609,-37.8875968],[145.0584853,-37.887493],[145.0584055,-37.8874846]]}},{"type":"Feature","id":"1258457934","properties":{"osmWayId":"1258457934","name":"Unnamed road","parkingStatus":"unknown"},"geometry":{"type":"LineString","coordinates":[[145.0548144,-37.8844014],[145.05486,-37.8841347]]}},{"type":"Feature","id":"1258457935","properties":{"osmWayId":"1258457935","name":"Unnamed road","parkingStatus":"unknown"},"geometry":{"type":"LineString","coordinates":[[145.0540151,-37.8840024],[145.0541495,-37.8840522]]}},{"type":"Feature","id":"1258457936","properties":{"osmWayId":"1258457936","name":"Unnamed road","parkingStatus":"unknown"},"geometry":{"type":"LineString","coordinates":[[145.05429,-37.8840696],[145.0542753,-37.8841516]]}},{"type":"Feature","id":"1258457937","properties":{"osmWayId":"1258457937","name":"Unnamed road","parkingStatus":"unknown"},"geometry":{"type":"LineString","coordinates":[[145.0544784,-37.8840897],[145.0544512,-37.8842331]]}},{"type":"Feature","id":"1258457938","properties":{"osmWayId":"1258457938","name":"Unnamed road","parkingStatus":"unknown"},"geometry":{"type":"LineString","coordinates":[[145.0546749,-37.8841071],[145.0546328,-37.8843173]]}},{"type":"Feature","id":"1261358357","properties":{"osmWayId":"1261358357","name":"Unnamed road","parkingStatus":"unknown"},"geometry":{"type":"LineString","coordinates":[[145.0695477,-37.8910578],[145.0710892,-37.8917455]]}},{"type":"Feature","id":"1268553030","properties":{"osmWayId":"1268553030","name":"Unnamed road","parkingStatus":"unknown"},"geometry":{"type":"LineString","coordinates":[[145.0658343,-37.8902198],[145.0658213,-37.8902747],[145.0657431,-37.8906923]]}},{"type":"Feature","id":"1268553031","properties":{"osmWayId":"1268553031","name":"Unnamed road","parkingStatus":"unknown"},"geometry":{"type":"LineString","coordinates":[[145.0661596,-37.8916576],[145.0660586,-37.8916442],[145.0659564,-37.8916287]]}},{"type":"Feature","id":"1268553032","properties":{"osmWayId":"1268553032","name":"Unnamed road","parkingStatus":"unknown"},"geometry":{"type":"LineString","coordinates":[[145.0660145,-37.8912191],[145.0661347,-37.8912316],[145.0662373,-37.8912456]]}},{"type":"Feature","id":"1268553033","properties":{"osmWayId":"1268553033","name":"Unnamed road","parkingStatus":"unknown"},"geometry":{"type":"LineString","coordinates":[[145.0659564,-37.8916287],[145.0660145,-37.8912191]]}},{"type":"Feature","id":"1268553034","properties":{"osmWayId":"1268553034","name":"Unnamed road","parkingStatus":"unknown"},"geometry":{"type":"LineString","coordinates":[[145.066259,-37.8911308],[145.0661551,-37.8911206],[145.0654249,-37.8910373],[145.0653808,-37.8910685],[145.0652984,-37.8914928]]}},{"type":"Feature","id":"1268553035","properties":{"osmWayId":"1268553035","name":"Unnamed road","parkingStatus":"unknown"},"geometry":{"type":"LineString","coordinates":[[145.0660145,-37.8912191],[145.0655853,-37.8911656]]}},{"type":"Feature","id":"1268553036","properties":{"osmWayId":"1268553036","name":"Unnamed road","parkingStatus":"unknown"},"geometry":{"type":"LineString","coordinates":[[145.0658293,-37.891614],[145.0659564,-37.8916287]]}},{"type":"Feature","id":"1278988362","properties":{"osmWayId":"1278988362","name":"Unnamed road","parkingStatus":"unknown"},"geometry":{"type":"LineString","coordinates":[[145.0493909,-37.8757786],[145.0493478,-37.876028],[145.0493364,-37.8760938],[145.0493337,-37.8761098]]}},{"type":"Feature","id":"1288215090","properties":{"osmWayId":"1288215090","name":"Unnamed road","parkingStatus":"unknown"},"geometry":{"type":"LineString","coordinates":[[145.0468485,-37.880132],[145.0467873,-37.8800801]]}},{"type":"Feature","id":"1293291476","properties":{"osmWayId":"1293291476","name":"Koornang Road","parkingStatus":"unknown"},"geometry":{"type":"LineString","coordinates":[[145.0571953,-37.8885554],[145.057118,-37.8889743]]}},{"type":"Feature","id":"1293291477","properties":{"osmWayId":"1293291477","name":"Koornang Road","parkingStatus":"unknown"},"geometry":{"type":"LineString","coordinates":[[145.057118,-37.8889743],[145.0570946,-37.8891013],[145.0570904,-37.8891241],[145.0570847,-37.8891574],[145.0570772,-37.8892015]]}},{"type":"Feature","id":"1293291478","properties":{"osmWayId":"1293291478","name":"Koornang Road","parkingStatus":"unknown"},"geometry":{"type":"LineString","coordinates":[[145.0573657,-37.8876324],[145.05725,-37.8882588]]}},{"type":"Feature","id":"1293291479","properties":{"osmWayId":"1293291479","name":"Koornang Road","parkingStatus":"unknown"},"geometry":{"type":"LineString","coordinates":[[145.05725,-37.8882588],[145.0572304,-37.8883653],[145.0571953,-37.8885554]]}},{"type":"Feature","id":"1293291480","properties":{"osmWayId":"1293291480","name":"Koornang Road","parkingStatus":"unknown"},"geometry":{"type":"LineString","coordinates":[[145.0575485,-37.886642],[145.0574134,-37.887374]]}},{"type":"Feature","id":"1293291481","properties":{"osmWayId":"1293291481","name":"Koornang Road","parkingStatus":"unknown"},"geometry":{"type":"LineString","coordinates":[[145.0574134,-37.887374],[145.0574026,-37.8874325],[145.0573898,-37.8875017],[145.0573657,-37.8876324]]}},{"type":"Feature","id":"1305489181","properties":{"osmWayId":"1305489181","name":"Unnamed road","parkingStatus":"unknown"},"geometry":{"type":"LineString","coordinates":[[145.0459093,-37.8795388],[145.0460663,-37.8793968],[145.0463748,-37.8796085],[145.0464244,-37.8797271]]}},{"type":"Feature","id":"1305661542","properties":{"osmWayId":"1305661542","name":"Unnamed road","parkingStatus":"unknown"},"geometry":{"type":"LineString","coordinates":[[145.0680493,-37.890693],[145.0680682,-37.890667],[145.0680955,-37.8906293]]}},{"type":"Feature","id":"1305661543","properties":{"osmWayId":"1305661543","name":"Unnamed road","parkingStatus":"unknown"},"geometry":{"type":"LineString","coordinates":[[145.0675431,-37.8903901],[145.0675042,-37.8904469]]}},{"type":"Feature","id":"1305661550","properties":{"osmWayId":"1305661550","name":"Unnamed road","parkingStatus":"unknown"},"geometry":{"type":"LineString","coordinates":[[145.0689085,-37.890683],[145.0690167,-37.8907316]]}},{"type":"Feature","id":"1305989379","properties":{"osmWayId":"1305989379","name":"Mimosa Road","parkingStatus":"unknown"},"geometry":{"type":"LineString","coordinates":[[145.0519654,-37.8905965],[145.0519709,-37.8905827],[145.0519989,-37.8905212],[145.0520627,-37.8903633]]}},{"type":"Feature","id":"1305989380","properties":{"osmWayId":"1305989380","name":"Mimosa Road","parkingStatus":"unknown"},"geometry":{"type":"LineString","coordinates":[[145.0519826,-37.8908244],[145.0519682,-37.8907235],[145.0519624,-37.8906956],[145.0519576,-37.8906807],[145.0519533,-37.8906663],[145.0519462,-37.8906514],[145.0519402,-37.8906393],[145.0519337,-37.8906296],[145.0519256,-37.8906198],[145.0519193,-37.8906128],[145.0519114,-37.8906057],[145.051902,-37.8905986],[145.051891,-37.8905915],[145.05188,-37.8905861]]}},{"type":"Feature","id":"1305989381","properties":{"osmWayId":"1305989381","name":"Mimosa Road","parkingStatus":"unknown"},"geometry":{"type":"LineString","coordinates":[[145.0521247,-37.8906154],[145.0521132,-37.8906234],[145.0521065,-37.8906289],[145.0520932,-37.8906419],[145.0520822,-37.8906534],[145.0520695,-37.8906676],[145.052058,-37.8906822],[145.0520508,-37.8906925],[145.0520397,-37.8907104],[145.0520304,-37.8907281],[145.0519826,-37.8908244]]}},{"type":"Feature","id":"1305989382","properties":{"osmWayId":"1305989382","name":"Mimosa Road","parkingStatus":"unknown"},"geometry":{"type":"LineString","coordinates":[[145.0520627,-37.8903633],[145.0520577,-37.8905289],[145.0520555,-37.8905928],[145.0520541,-37.8906073]]}},{"type":"Feature","id":"1305989404","properties":{"osmWayId":"1305989404","name":"Centre Road","parkingStatus":"unknown"},"geometry":{"type":"LineString","coordinates":[[145.0564661,-37.892379],[145.0564421,-37.8923648],[145.056401,-37.8923404],[145.0563731,-37.892325],[145.0562499,-37.8922889]]}},{"type":"Feature","id":"1305989405","properties":{"osmWayId":"1305989405","name":"Centre Road","parkingStatus":"unknown"},"geometry":{"type":"LineString","coordinates":[[145.0562499,-37.8922889],[145.0563815,-37.8922849],[145.0564192,-37.8922794],[145.0564603,-37.892269],[145.0564885,-37.8922618]]}},{"type":"Feature","id":"1305989406","properties":{"osmWayId":"1305989406","name":"Koornang Road","parkingStatus":"unknown"},"geometry":{"type":"LineString","coordinates":[[145.0564885,-37.8922618],[145.0564661,-37.892379]]}},{"type":"Feature","id":"1305989407","properties":{"osmWayId":"1305989407","name":"Moonya Road","parkingStatus":"unknown"},"geometry":{"type":"LineString","coordinates":[[145.0559767,-37.8963527],[145.0558127,-37.8963537],[145.0557781,-37.8963527],[145.0557107,-37.8963507]]}},{"type":"Feature","id":"1305989408","properties":{"osmWayId":"1305989408","name":"Moonya Road","parkingStatus":"unknown"},"geometry":{"type":"LineString","coordinates":[[145.0557221,-37.8962913],[145.0558205,-37.8963144],[145.0559767,-37.8963527]]}},{"type":"Feature","id":"1306634131","properties":{"osmWayId":"1306634131","name":"Mimosa Road","parkingStatus":"unknown"},"geometry":{"type":"LineString","coordinates":[[145.0524749,-37.8882176],[145.0524465,-37.8881406],[145.0524315,-37.8881079],[145.0523921,-37.8880477]]}},{"type":"Feature","id":"1306634132","properties":{"osmWayId":"1306634132","name":"Mimosa Road","parkingStatus":"unknown"},"geometry":{"type":"LineString","coordinates":[[145.0526003,-37.8880736],[145.0525305,-37.8881513],[145.0524749,-37.8882176]]}},{"type":"Feature","id":"1306634134","properties":{"osmWayId":"1306634134","name":"Rosstown Road","parkingStatus":"unknown"},"geometry":{"type":"LineString","coordinates":[[145.0516745,-37.8837943],[145.0517709,-37.8838371],[145.0517978,-37.883849],[145.0519665,-37.8839455]]}},{"type":"Feature","id":"1306634135","properties":{"osmWayId":"1306634135","name":"Rosstown Road","parkingStatus":"unknown"},"geometry":{"type":"LineString","coordinates":[[145.0519665,-37.8839455],[145.0517944,-37.8838919],[145.0517623,-37.8838821],[145.0516637,-37.883852]]}},{"type":"Feature","id":"1306634147","properties":{"osmWayId":"1306634147","name":"Toolambool Road","parkingStatus":"unknown"},"geometry":{"type":"LineString","coordinates":[[145.056317,-37.8858926],[145.0562641,-37.8859572],[145.0562349,-37.8859753],[145.0562084,-37.8859848],[145.0561511,-37.8859922]]}},{"type":"Feature","id":"1306634148","properties":{"osmWayId":"1306634148","name":"Toolambool Road","parkingStatus":"unknown"},"geometry":{"type":"LineString","coordinates":[[145.0561511,-37.8859922],[145.0561826,-37.8859585],[145.056215,-37.8859154],[145.0562437,-37.8858608]]}},{"type":"Feature","id":"1306634149","properties":{"osmWayId":"1306634149","name":"Truganini Road","parkingStatus":"unknown"},"geometry":{"type":"LineString","coordinates":[[145.055034,-37.8862503],[145.0550593,-37.8862988],[145.0550663,-37.8863231],[145.0550624,-37.8863627],[145.0550297,-37.8864441]]}},{"type":"Feature","id":"1306634150","properties":{"osmWayId":"1306634150","name":"Truganini Road","parkingStatus":"unknown"},"geometry":{"type":"LineString","coordinates":[[145.0550297,-37.8864441],[145.0549979,-37.8863568],[145.0549496,-37.886293]]}},{"type":"Feature","id":"1306634151","properties":{"osmWayId":"1306634151","name":"Toolambool Road","parkingStatus":"unknown"},"geometry":{"type":"LineString","coordinates":[[145.0539754,-37.8879065],[145.0539844,-37.8881186],[145.0539771,-37.8881666],[145.0539652,-37.8882444]]}},{"type":"Feature","id":"1306634152","properties":{"osmWayId":"1306634152","name":"Toolambool Road","parkingStatus":"unknown"},"geometry":{"type":"LineString","coordinates":[[145.0538897,-37.8882328],[145.0539042,-37.8881561],[145.0539122,-37.8881139],[145.0539754,-37.8879065]]}},{"type":"Feature","id":"1306634155","properties":{"osmWayId":"1306634155","name":"Kokaribb Road","parkingStatus":"unknown"},"geometry":{"type":"LineString","coordinates":[[145.0565285,-37.8859786],[145.0564577,-37.8860688],[145.0564229,-37.886113],[145.0563913,-37.8861731],[145.0563359,-37.8863074]]}},{"type":"Feature","id":"1306634156","properties":{"osmWayId":"1306634156","name":"Kokaribb Road","parkingStatus":"unknown"},"geometry":{"type":"LineString","coordinates":[[145.0563359,-37.8863074],[145.0563282,-37.8862314],[145.056333,-37.8861652],[145.0563477,-37.8861185],[145.0563569,-37.8861019],[145.0563718,-37.8860749],[145.0564146,-37.8860204],[145.056469,-37.8859537]]}},{"type":"Feature","id":"1307198170","properties":{"osmWayId":"1307198170","name":"Neerim Road","parkingStatus":"unknown"},"geometry":{"type":"LineString","coordinates":[[145.0525082,-37.8880624],[145.0526003,-37.8880736]]}},{"type":"Feature","id":"1307198171","properties":{"osmWayId":"1307198171","name":"Neerim Road","parkingStatus":"unknown"},"geometry":{"type":"LineString","coordinates":[[145.0523921,-37.8880477],[145.0525082,-37.8880624]]}},{"type":"Feature","id":"1307223986","properties":{"osmWayId":"1307223986","name":"Kokaribb Road","parkingStatus":"unknown"},"geometry":{"type":"LineString","coordinates":[[145.0559183,-37.8885286],[145.0559363,-37.88863],[145.0559224,-37.8887449],[145.0559048,-37.8888118],[145.0559002,-37.8888292]]}},{"type":"Feature","id":"1307223987","properties":{"osmWayId":"1307223987","name":"Kokaribb Road","parkingStatus":"unknown"},"geometry":{"type":"LineString","coordinates":[[145.0558123,-37.8888003],[145.0558163,-37.8887832],[145.0558312,-37.888719],[145.0558367,-37.8886951],[145.0558572,-37.8886309],[145.0559183,-37.8885286]]}},{"type":"Feature","id":"1307223990","properties":{"osmWayId":"1307223990","name":"Lyons Street","parkingStatus":"unknown"},"geometry":{"type":"LineString","coordinates":[[145.0557999,-37.895873],[145.0557047,-37.8958576],[145.0556959,-37.8958562],[145.0556476,-37.8958491],[145.0555506,-37.8958235]]}},{"type":"Feature","id":"1307223991","properties":{"osmWayId":"1307223991","name":"Lyons Street","parkingStatus":"unknown"},"geometry":{"type":"LineString","coordinates":[[145.0555506,-37.8958235],[145.0557031,-37.8958172],[145.0557376,-37.8958157],[145.0558114,-37.8958126]]}},{"type":"Feature","id":"1307223998","properties":{"osmWayId":"1307223998","name":"Morgan Street","parkingStatus":"unknown"},"geometry":{"type":"LineString","coordinates":[[145.0456636,-37.8955966],[145.0457309,-37.8956045],[145.0457588,-37.8956078],[145.0461869,-37.8956595],[145.0462523,-37.8956636],[145.0463386,-37.8956636],[145.0466201,-37.8956493],[145.046931,-37.8956374],[145.047034,-37.8956371],[145.0470885,-37.895642],[145.0472289,-37.8956588],[145.0507386,-37.8960685],[145.0507773,-37.8960733],[145.0508143,-37.8960778],[145.050853,-37.8960825],[145.0508918,-37.8960872],[145.054323,-37.896481],[145.0550437,-37.8966869],[145.0555292,-37.8967463],[145.0555601,-37.8967499],[145.0556333,-37.8967585]]}},{"type":"Feature","id":"1307223999","properties":{"osmWayId":"1307223999","name":"Moira Avenue","parkingStatus":"unknown"},"geometry":{"type":"LineString","coordinates":[[145.051371,-37.8939097],[145.0513624,-37.8939664],[145.0513612,-37.8939856],[145.0513591,-37.8940213],[145.0513649,-37.8940994],[145.05138,-37.8942777],[145.0513833,-37.8943553],[145.0513773,-37.89444],[145.0513638,-37.8945027],[145.0513498,-37.8945461],[145.0513141,-37.8946218],[145.0512556,-37.8947186],[145.0511234,-37.8949198],[145.0510594,-37.8950253],[145.0510223,-37.8950955],[145.0510008,-37.8951443],[145.0509868,-37.89519]]}},{"type":"Feature","id":"1307224001","properties":{"osmWayId":"1307224001","name":"Moira Avenue","parkingStatus":"unknown"},"geometry":{"type":"LineString","coordinates":[[145.0509609,-37.8952919],[145.0509552,-37.8953195],[145.0509485,-37.8953514],[145.0509378,-37.8954155],[145.050825,-37.8960201],[145.0508143,-37.8960778],[145.0508026,-37.8961411],[145.0506807,-37.8968065],[145.0506696,-37.896866],[145.0506579,-37.8969286],[145.0505273,-37.8976277],[145.0505228,-37.8976517],[145.0505159,-37.897687]]}},{"type":"Feature","id":"1307333200","properties":{"osmWayId":"1307333200","name":"Leila Road","parkingStatus":"unknown"},"geometry":{"type":"LineString","coordinates":[[145.0446909,-37.9004925],[145.0447966,-37.9005069],[145.0449794,-37.9005532]]}},{"type":"Feature","id":"1307333201","properties":{"osmWayId":"1307333201","name":"Leila Road","parkingStatus":"unknown"},"geometry":{"type":"LineString","coordinates":[[145.0444175,-37.9004832],[145.0445877,-37.9004818],[145.0446253,-37.9004857],[145.0446909,-37.9004925]]}},{"type":"Feature","id":"1307333202","properties":{"osmWayId":"1307333202","name":"Leila Road","parkingStatus":"unknown"},"geometry":{"type":"LineString","coordinates":[[145.0449794,-37.9005532],[145.0447879,-37.9005499],[145.0447486,-37.9005475],[145.0446809,-37.9005433]]}},{"type":"Feature","id":"1307333203","properties":{"osmWayId":"1307333203","name":"Leila Road","parkingStatus":"unknown"},"geometry":{"type":"LineString","coordinates":[[145.0446809,-37.9005433],[145.0445785,-37.9005289],[145.0445002,-37.9005119],[145.0444175,-37.9004832]]}},{"type":"Feature","id":"1307408985","properties":{"osmWayId":"1307408985","name":"Grange Road","parkingStatus":"unknown"},"geometry":{"type":"LineString","coordinates":[[145.0446909,-37.9004925],[145.0446862,-37.9005163],[145.0446809,-37.9005433]]}},{"type":"Feature","id":"1307964846","properties":{"osmWayId":"1307964846","name":"Albert Road","parkingStatus":"unknown"},"geometry":{"type":"LineString","coordinates":[[145.0513496,-37.8979306],[145.0513427,-37.8978532],[145.0513299,-37.897796]]}},{"type":"Feature","id":"1307964847","properties":{"osmWayId":"1307964847","name":"Albert Road","parkingStatus":"unknown"},"geometry":{"type":"LineString","coordinates":[[145.0513958,-37.8977972],[145.0513838,-37.8978568],[145.0513824,-37.897864],[145.0513496,-37.8979306]]}},{"type":"Feature","id":"1307964850","properties":{"osmWayId":"1307964850","name":"Neville Street","parkingStatus":"unknown"},"geometry":{"type":"LineString","coordinates":[[145.0511097,-37.8977641],[145.0511967,-37.8977477],[145.0513205,-37.897718]]}},{"type":"Feature","id":"1307964851","properties":{"osmWayId":"1307964851","name":"Neville Street","parkingStatus":"unknown"},"geometry":{"type":"LineString","coordinates":[[145.0513164,-37.8977867],[145.0512349,-37.8977937],[145.0511693,-37.8977863],[145.0511097,-37.8977641]]}},{"type":"Feature","id":"1307964853","properties":{"osmWayId":"1307964853","name":"Neville Street","parkingStatus":"unknown"},"geometry":{"type":"LineString","coordinates":[[145.0550229,-37.8981391],[145.0552245,-37.8981404],[145.0552647,-37.8981436],[145.0553002,-37.8981464],[145.0553689,-37.8981518]]}},{"type":"Feature","id":"1307964854","properties":{"osmWayId":"1307964854","name":"Neville Street","parkingStatus":"unknown"},"geometry":{"type":"LineString","coordinates":[[145.0553607,-37.8981944],[145.0552577,-37.8981812],[145.0551797,-37.8981713],[145.0550229,-37.8981391]]}},{"type":"Feature","id":"1307964856","properties":{"osmWayId":"1307964856","name":"Neville Street","parkingStatus":"unknown"},"geometry":{"type":"LineString","coordinates":[[145.0453787,-37.8970288],[145.0454767,-37.8970445],[145.0456902,-37.8970875]]}},{"type":"Feature","id":"1307964857","properties":{"osmWayId":"1307964857","name":"Neville Street","parkingStatus":"unknown"},"geometry":{"type":"LineString","coordinates":[[145.0456902,-37.8970875],[145.0454691,-37.8970833],[145.0453698,-37.8970723]]}},{"type":"Feature","id":"1307964858","properties":{"osmWayId":"1307964858","name":"Albert Road","parkingStatus":"unknown"},"geometry":{"type":"LineString","coordinates":[[145.0513496,-37.8979306],[145.0511743,-37.8988247],[145.0511657,-37.8988684],[145.0511579,-37.898908]]}},{"type":"Feature","id":"1307964859","properties":{"osmWayId":"1307964859","name":"Oakleigh Road","parkingStatus":"unknown"},"geometry":{"type":"LineString","coordinates":[[145.0511071,-37.8989019],[145.0511579,-37.898908],[145.0520678,-37.8990174],[145.0524576,-37.8990645],[145.0538067,-37.8992262],[145.0540084,-37.8992498],[145.0548409,-37.8993501]]}},{"type":"Feature","id":"1307964863","properties":{"osmWayId":"1307964863","name":"Oakleigh Road","parkingStatus":"unknown"},"geometry":{"type":"LineString","coordinates":[[145.0548409,-37.8993501],[145.0549398,-37.8993407],[145.0550068,-37.8993392],[145.0550407,-37.8993383],[145.0550861,-37.8993387]]}},{"type":"Feature","id":"1307964864","properties":{"osmWayId":"1307964864","name":"Oakleigh Road","parkingStatus":"unknown"},"geometry":{"type":"LineString","coordinates":[[145.055056,-37.8994078],[145.0550259,-37.8993965],[145.0549989,-37.8993905],[145.0549334,-37.8993777],[145.0548409,-37.8993501]]}},{"type":"Feature","id":"1307964865","properties":{"osmWayId":"1307964865","name":"Oakleigh Road","parkingStatus":"unknown"},"geometry":{"type":"LineString","coordinates":[[145.0552131,-37.8993642],[145.0552435,-37.8993743],[145.055281,-37.8993868],[145.0553361,-37.8993978],[145.0553989,-37.8994263]]}},{"type":"Feature","id":"1307964866","properties":{"osmWayId":"1307964866","name":"Oakleigh Road","parkingStatus":"unknown"},"geometry":{"type":"LineString","coordinates":[[145.0553989,-37.8994263],[145.055334,-37.8994375],[145.0552713,-37.899436],[145.0551917,-37.8994407]]}},{"type":"Feature","id":"1307964867","properties":{"osmWayId":"1307964867","name":"Koornang Road","parkingStatus":"unknown"},"geometry":{"type":"LineString","coordinates":[[145.0550973,-37.899333],[145.0551214,-37.899279],[145.0551362,-37.8992388],[145.0551741,-37.8991768]]}},{"type":"Feature","id":"1307964868","properties":{"osmWayId":"1307964868","name":"Koornang Road","parkingStatus":"unknown"},"geometry":{"type":"LineString","coordinates":[[145.0551741,-37.8991768],[145.0551869,-37.8992457],[145.0551888,-37.8992883],[145.0551926,-37.8993171],[145.0551997,-37.8993476]]}},{"type":"Feature","id":"1307964869","properties":{"osmWayId":"1307964869","name":"Koornang Road","parkingStatus":"unknown"},"geometry":{"type":"LineString","coordinates":[[145.0550873,-37.8996448],[145.0550784,-37.8994856],[145.0550745,-37.8994349]]}},{"type":"Feature","id":"1307964870","properties":{"osmWayId":"1307964870","name":"Koornang Road","parkingStatus":"unknown"},"geometry":{"type":"LineString","coordinates":[[145.0551861,-37.8994442],[145.0551645,-37.8994974],[145.0550873,-37.8996448]]}},{"type":"Feature","id":"1308281523","properties":{"osmWayId":"1308281523","name":"The Crossover","parkingStatus":"unknown"},"geometry":{"type":"LineString","coordinates":[[145.0576003,-37.893902],[145.0575236,-37.8938871],[145.057263,-37.8938366]]}},{"type":"Feature","id":"1308281524","properties":{"osmWayId":"1308281524","name":"The Crossover","parkingStatus":"unknown"},"geometry":{"type":"LineString","coordinates":[[145.057263,-37.8938366],[145.0575306,-37.8938367],[145.0575632,-37.8938367],[145.057609,-37.8938367]]}},{"type":"Feature","id":"1308281527","properties":{"osmWayId":"1308281527","name":"Unnamed road","parkingStatus":"unknown"},"geometry":{"type":"LineString","coordinates":[[145.0568382,-37.8958186],[145.0559355,-37.8957065],[145.0558335,-37.8956947]]}},{"type":"Feature","id":"1308281528","properties":{"osmWayId":"1308281528","name":"Unnamed road","parkingStatus":"unknown"},"geometry":{"type":"LineString","coordinates":[[145.0560961,-37.8958704],[145.0559087,-37.8958481],[145.0558069,-37.895836]]}},{"type":"Feature","id":"1308281529","properties":{"osmWayId":"1308281529","name":"Unnamed road","parkingStatus":"unknown"},"geometry":{"type":"LineString","coordinates":[[145.0557764,-37.8959992],[145.0558775,-37.8960131],[145.0559537,-37.8960235]]}},{"type":"Feature","id":"1308281530","properties":{"osmWayId":"1308281530","name":"Unnamed road","parkingStatus":"unknown"},"geometry":{"type":"LineString","coordinates":[[145.0562739,-37.8955016],[145.0559812,-37.8954652],[145.0558787,-37.8954524]]}},{"type":"Feature","id":"1308281531","properties":{"osmWayId":"1308281531","name":"Unnamed road","parkingStatus":"unknown"},"geometry":{"type":"LineString","coordinates":[[145.0561416,-37.8954575],[145.0559864,-37.8954376],[145.0559304,-37.8954304],[145.0558839,-37.8954244]]}},{"type":"Feature","id":"1311169620","properties":{"osmWayId":"1311169620","name":"Lewes Drive","parkingStatus":"unknown"},"geometry":{"type":"LineString","coordinates":[[145.0626228,-37.8764123],[145.0626364,-37.8764268],[145.0626435,-37.8764439],[145.0626433,-37.8764619],[145.0626359,-37.876479],[145.0626219,-37.8764932],[145.062603,-37.8765033],[145.062581,-37.8765081],[145.0625582,-37.8765071],[145.0625361,-37.8765],[145.0625182,-37.8764875],[145.0625067,-37.876471],[145.0625027,-37.8764524],[145.0625067,-37.8764339],[145.0625183,-37.8764174],[145.0625362,-37.8764049],[145.0625583,-37.8763979],[145.0625821,-37.876397],[145.062604,-37.876402],[145.0626228,-37.8764123]]}},{"type":"Feature","id":"1311169625","properties":{"osmWayId":"1311169625","name":"Heatherleigh Place","parkingStatus":"unknown"},"geometry":{"type":"LineString","coordinates":[[145.0617874,-37.8767193],[145.0617668,-37.8767295],[145.061743,-37.8767337],[145.0617189,-37.8767312],[145.0616972,-37.8767225],[145.0616805,-37.8767084],[145.0616708,-37.8766908],[145.0616693,-37.8766716],[145.0616753,-37.8766545],[145.0616877,-37.8766398],[145.0617053,-37.8766288],[145.0617264,-37.8766227],[145.0617488,-37.8766222],[145.0617704,-37.8766272],[145.0617888,-37.8766373],[145.0618024,-37.8766514],[145.0618097,-37.8766681],[145.06181,-37.8766858],[145.0618024,-37.8767041],[145.0617874,-37.8767193]]}},{"type":"Feature","id":"1313412264","properties":{"osmWayId":"1313412264","name":"Unnamed road","parkingStatus":"unknown"},"geometry":{"type":"LineString","coordinates":[[145.0693486,-37.8908605],[145.069169,-37.8909948],[145.0690677,-37.8910767]]}},{"type":"Feature","id":"1313412265","properties":{"osmWayId":"1313412265","name":"Unnamed road","parkingStatus":"unknown"},"geometry":{"type":"LineString","coordinates":[[145.069169,-37.8909948],[145.0690406,-37.8908929]]}},{"type":"Feature","id":"1314601293","properties":{"osmWayId":"1314601293","name":"Glen Huntly Road","parkingStatus":"unknown"},"geometry":{"type":"LineString","coordinates":[[145.0520541,-37.8906073],[145.0519654,-37.8905965]]}},{"type":"Feature","id":"1318951925","properties":{"osmWayId":"1318951925","name":"Hughes Street","parkingStatus":"unknown"},"geometry":{"type":"LineString","coordinates":[[145.0567935,-37.8770165],[145.0567902,-37.8770319],[145.0567815,-37.877077],[145.056777,-37.8771005],[145.0566947,-37.8775281],[145.0564695,-37.8787632]]}},{"type":"Feature","id":"1318951926","properties":{"osmWayId":"1318951926","name":"Hughes Street","parkingStatus":"unknown"},"geometry":{"type":"LineString","coordinates":[[145.0563892,-37.8791974],[145.0563853,-37.8790783],[145.0563877,-37.8790437],[145.0564022,-37.8789547],[145.056414,-37.8788923],[145.0564321,-37.8788387],[145.0564695,-37.8787632]]}},{"type":"Feature","id":"1318951927","properties":{"osmWayId":"1318951927","name":"Hughes Street","parkingStatus":"unknown"},"geometry":{"type":"LineString","coordinates":[[145.0564695,-37.8787632],[145.0564789,-37.8788252],[145.056475,-37.8788768],[145.0564583,-37.8789617],[145.0564508,-37.879],[145.0564331,-37.879064],[145.0563892,-37.8791974]]}},{"type":"Feature","id":"1318951928","properties":{"osmWayId":"1318951928","name":"Fisher Street","parkingStatus":"unknown"},"geometry":{"type":"LineString","coordinates":[[145.0576514,-37.8788746],[145.0578778,-37.8776702],[145.0579149,-37.8774869],[145.0579273,-37.8774013],[145.057957,-37.8772422],[145.0579613,-37.8772192],[145.0579696,-37.8771747],[145.0579733,-37.8771587]]}},{"type":"Feature","id":"1318951929","properties":{"osmWayId":"1318951929","name":"Fisher Street","parkingStatus":"unknown"},"geometry":{"type":"LineString","coordinates":[[145.0576514,-37.8788746],[145.0576504,-37.8790054],[145.0576371,-37.8791047],[145.0576129,-37.8792074],[145.0575683,-37.8793167]]}},{"type":"Feature","id":"1318951930","properties":{"osmWayId":"1318951930","name":"Fisher Street","parkingStatus":"unknown"},"geometry":{"type":"LineString","coordinates":[[145.0575683,-37.8793167],[145.0575657,-37.8791934],[145.0575773,-37.8790976],[145.0576016,-37.8789985],[145.0576514,-37.8788746]]}},{"type":"Feature","id":"1318951931","properties":{"osmWayId":"1318951931","name":"Fisher Street","parkingStatus":"unknown"},"geometry":{"type":"LineString","coordinates":[[145.0567619,-37.8835949],[145.0567767,-37.8835156],[145.0568544,-37.8830998],[145.056856,-37.8830912],[145.0570155,-37.8822516]]}},{"type":"Feature","id":"1318951932","properties":{"osmWayId":"1318951932","name":"Fisher Street","parkingStatus":"unknown"},"geometry":{"type":"LineString","coordinates":[[145.0570155,-37.8822516],[145.0570167,-37.8821074],[145.0570326,-37.882015],[145.0570616,-37.8818973],[145.057108,-37.88177]]}},{"type":"Feature","id":"1318951933","properties":{"osmWayId":"1318951933","name":"Fisher Street","parkingStatus":"unknown"},"geometry":{"type":"LineString","coordinates":[[145.057108,-37.88177],[145.0571093,-37.8819007],[145.057091,-37.8820217],[145.0570693,-37.8821146],[145.0570155,-37.8822516]]}},{"type":"Feature","id":"1328926979","properties":{"osmWayId":"1328926979","name":"Dudley Street","parkingStatus":"unknown"},"geometry":{"type":"LineString","coordinates":[[145.0480265,-37.8802606],[145.0468485,-37.880132]]}},{"type":"Feature","id":"1333662605","properties":{"osmWayId":"1333662605","name":"Murrumbeena Road","parkingStatus":"unknown"},"geometry":{"type":"LineString","coordinates":[[145.0646967,-37.8994408],[145.064688,-37.8994881]]}},{"type":"Feature","id":"1333662606","properties":{"osmWayId":"1333662606","name":"Murrumbeena Crescent","parkingStatus":"unknown"},"geometry":{"type":"LineString","coordinates":[[145.075618,-37.8984039],[145.0756095,-37.8984471],[145.075606,-37.8984634],[145.0755973,-37.8984835],[145.0755729,-37.8985193],[145.0755351,-37.898553],[145.0753501,-37.8986637],[145.0750856,-37.8988177],[145.0748234,-37.8989568],[145.0746701,-37.8990315],[145.0743668,-37.899172],[145.0740302,-37.8993117],[145.0737176,-37.8994268],[145.073371,-37.8995356],[145.0731887,-37.8995913],[145.0729219,-37.8996623],[145.0726093,-37.8997365],[145.0722892,-37.8998003],[145.0719921,-37.8998501],[145.071881,-37.8998675],[145.0716931,-37.8998917],[145.0715557,-37.8999061],[145.071346,-37.8999281],[145.0711541,-37.8999457],[145.0709498,-37.8999582],[145.0707571,-37.8999656],[145.0704901,-37.8999671],[145.0702609,-37.8999654],[145.0700182,-37.8999568],[145.0698479,-37.8999483],[145.0696911,-37.8999416],[145.0695736,-37.8999312],[145.0694823,-37.8999216],[145.0694403,-37.8999159]]}},{"type":"Feature","id":"1336870889","properties":{"osmWayId":"1336870889","name":"Brisbane Street","parkingStatus":"unknown"},"geometry":{"type":"LineString","coordinates":[[145.0672825,-37.8856404],[145.0673868,-37.8856537],[145.0674565,-37.8856631],[145.0675875,-37.8857037]]}},{"type":"Feature","id":"1336870890","properties":{"osmWayId":"1336870890","name":"Brisbane Street","parkingStatus":"unknown"},"geometry":{"type":"LineString","coordinates":[[145.0675875,-37.8857037],[145.0674484,-37.8857098],[145.0673774,-37.8857018],[145.067272,-37.88569]]}},{"type":"Feature","id":"1336870891","properties":{"osmWayId":"1336870891","name":"Perth Street","parkingStatus":"unknown"},"geometry":{"type":"LineString","coordinates":[[145.0674104,-37.8865161],[145.0672971,-37.8865247],[145.0672246,-37.8865181],[145.0671202,-37.8865058]]}},{"type":"Feature","id":"1336870892","properties":{"osmWayId":"1336870892","name":"Perth Street","parkingStatus":"unknown"},"geometry":{"type":"LineString","coordinates":[[145.0671301,-37.886457],[145.0672338,-37.8864709],[145.067303,-37.8864802],[145.0674104,-37.8865161]]}},{"type":"Feature","id":"1336870895","properties":{"osmWayId":"1336870895","name":"Adelaide Street","parkingStatus":"unknown"},"geometry":{"type":"LineString","coordinates":[[145.0669771,-37.8872736],[145.0670784,-37.8872858],[145.0671368,-37.8872935],[145.067263,-37.8873327]]}},{"type":"Feature","id":"1336870896","properties":{"osmWayId":"1336870896","name":"Adelaide Street","parkingStatus":"unknown"},"geometry":{"type":"LineString","coordinates":[[145.067263,-37.8873327],[145.06713,-37.8873373],[145.0670701,-37.8873309],[145.0669686,-37.887319]]}},{"type":"Feature","id":"1336870899","properties":{"osmWayId":"1336870899","name":"Sydney Street","parkingStatus":"unknown"},"geometry":{"type":"LineString","coordinates":[[145.066823,-37.8880912],[145.0669236,-37.8881039],[145.0669761,-37.8881106],[145.0670926,-37.8881466]]}},{"type":"Feature","id":"1336870900","properties":{"osmWayId":"1336870900","name":"Sydney Street","parkingStatus":"unknown"},"geometry":{"type":"LineString","coordinates":[[145.0670926,-37.8881466],[145.0669723,-37.8881526],[145.0669147,-37.8881467],[145.0668144,-37.888135]]}},{"type":"Feature","id":"1336870903","properties":{"osmWayId":"1336870903","name":"Melbourne Street","parkingStatus":"unknown"},"geometry":{"type":"LineString","coordinates":[[145.0669424,-37.8889591],[145.0668261,-37.8889736],[145.0667547,-37.8889662],[145.066657,-37.8889561]]}},{"type":"Feature","id":"1336870904","properties":{"osmWayId":"1336870904","name":"Melbourne Street","parkingStatus":"unknown"},"geometry":{"type":"LineString","coordinates":[[145.0666666,-37.8889069],[145.0667636,-37.8889189],[145.0668356,-37.8889278],[145.0669424,-37.8889591]]}},{"type":"Feature","id":"1340179622","properties":{"osmWayId":"1340179622","name":"Glen Huntly Road","parkingStatus":"unknown"},"geometry":{"type":"LineString","coordinates":[[145.0521247,-37.8906154],[145.0520541,-37.8906073]]}},{"type":"Feature","id":"1340179623","properties":{"osmWayId":"1340179623","name":"Glen Huntly Road","parkingStatus":"unknown"},"geometry":{"type":"LineString","coordinates":[[145.05188,-37.8905861],[145.0508735,-37.8904654],[145.0504426,-37.8904114],[145.0497608,-37.8903288],[145.048798,-37.8902121],[145.0480895,-37.890129],[145.0475637,-37.8900625],[145.0473146,-37.8900323],[145.0463273,-37.8899143],[145.0454125,-37.8898043]]}},{"type":"Feature","id":"1340407265","properties":{"osmWayId":"1340407265","name":"Unnamed road","parkingStatus":"unknown"},"geometry":{"type":"LineString","coordinates":[[145.0640701,-37.884782],[145.0640671,-37.8848893]]}},{"type":"Feature","id":"1340407266","properties":{"osmWayId":"1340407266","name":"Unnamed road","parkingStatus":"unknown"},"geometry":{"type":"LineString","coordinates":[[145.0640774,-37.8845274],[145.0640754,-37.8846348]]}},{"type":"Feature","id":"1340650979","properties":{"osmWayId":"1340650979","name":"Queens Avenue","parkingStatus":"unknown"},"geometry":{"type":"LineString","coordinates":[[145.0447179,-37.8774593],[145.0447256,-37.8774521],[145.0447355,-37.8774467],[145.0447468,-37.8774436],[145.0447587,-37.8774429],[145.0447705,-37.8774446],[145.0447812,-37.8774488],[145.0447902,-37.877455],[145.0447969,-37.8774629],[145.0448007,-37.8774718],[145.0448014,-37.8774812],[145.044799,-37.8774905],[145.0447936,-37.8774989],[145.0447864,-37.8775054],[145.0447775,-37.8775103],[145.0447674,-37.8775134],[145.0447567,-37.8775145],[145.0447459,-37.8775136],[145.0447357,-37.8775107],[145.0447266,-37.877506],[145.0447193,-37.8774997],[145.044714,-37.8774922],[145.0447111,-37.8774839],[145.0447109,-37.8774754],[145.0447131,-37.877467],[145.0447179,-37.8774593]]}},{"type":"Feature","id":"1347048007","properties":{"osmWayId":"1347048007","name":"Moonya Road","parkingStatus":"unknown"},"geometry":{"type":"LineString","coordinates":[[145.0615077,-37.8970151],[145.0614227,-37.8970247],[145.0614116,-37.8970234],[145.0613669,-37.8970179],[145.0612907,-37.8970086],[145.0612143,-37.896999],[145.0611701,-37.8969934],[145.0611594,-37.896992],[145.0610557,-37.8969608]]}},{"type":"Feature","id":"1347048008","properties":{"osmWayId":"1347048008","name":"Moonya Road","parkingStatus":"unknown"},"geometry":{"type":"LineString","coordinates":[[145.0615077,-37.8970151],[145.0647588,-37.8974049]]}},{"type":"Feature","id":"1347048009","properties":{"osmWayId":"1347048009","name":"Moonya Road","parkingStatus":"unknown"},"geometry":{"type":"LineString","coordinates":[[145.0610557,-37.8969608],[145.0611674,-37.896954],[145.0611785,-37.8969555],[145.0612215,-37.896961],[145.0612979,-37.8969709],[145.061374,-37.8969807],[145.0614196,-37.8969865],[145.0614302,-37.8969879],[145.0615077,-37.8970151]]}},{"type":"Feature","id":"1347048019","properties":{"osmWayId":"1347048019","name":"Coorigil Road","parkingStatus":"unknown"},"geometry":{"type":"LineString","coordinates":[[145.0652977,-37.8962382],[145.0651836,-37.8962235],[145.0651324,-37.8962169],[145.0650357,-37.8961855]]}},{"type":"Feature","id":"1347048020","properties":{"osmWayId":"1347048020","name":"Coorigil Road","parkingStatus":"unknown"},"geometry":{"type":"LineString","coordinates":[[145.0650357,-37.8961855],[145.0651392,-37.8961769],[145.0651912,-37.8961829],[145.065305,-37.896197]]}},{"type":"Feature","id":"1347048056","properties":{"osmWayId":"1347048056","name":"Unnamed road","parkingStatus":"unknown"},"geometry":{"type":"LineString","coordinates":[[145.0622938,-37.8940346],[145.0622608,-37.8939986],[145.0622427,-37.8939838],[145.0622302,-37.893978],[145.0621995,-37.8939636],[145.0620804,-37.893917],[145.0620507,-37.893911],[145.0618154,-37.8938802]]}},{"type":"Feature","id":"1347048072","properties":{"osmWayId":"1347048072","name":"Unnamed road","parkingStatus":"unknown"},"geometry":{"type":"LineString","coordinates":[[145.0618006,-37.8992473],[145.0618131,-37.8991862],[145.0618514,-37.8989984]]}},{"type":"Feature","id":"1347048073","properties":{"osmWayId":"1347048073","name":"Unnamed road","parkingStatus":"unknown"},"geometry":{"type":"LineString","coordinates":[[145.0621709,-37.8990375],[145.0621354,-37.8992269],[145.062124,-37.8992878]]}},{"type":"Feature","id":"1347048074","properties":{"osmWayId":"1347048074","name":"Unnamed road","parkingStatus":"unknown"},"geometry":{"type":"LineString","coordinates":[[145.0618776,-37.8992569],[145.0618904,-37.899196],[145.0619206,-37.8990527],[145.0619632,-37.899058]]}},{"type":"Feature","id":"1347048075","properties":{"osmWayId":"1347048075","name":"Unnamed road","parkingStatus":"unknown"},"geometry":{"type":"LineString","coordinates":[[145.0619632,-37.899058],[145.0620413,-37.8990674]]}},{"type":"Feature","id":"1347048076","properties":{"osmWayId":"1347048076","name":"Unnamed road","parkingStatus":"unknown"},"geometry":{"type":"LineString","coordinates":[[145.0620413,-37.8990674],[145.0620834,-37.8990726],[145.0620662,-37.8991635],[145.0620562,-37.8992169],[145.0620447,-37.8992778]]}},{"type":"Feature","id":"1359717667","properties":{"osmWayId":"1359717667","name":"Queens Avenue","parkingStatus":"unknown"},"geometry":{"type":"LineString","coordinates":[[145.0444294,-37.8792889],[145.0444232,-37.8793253],[145.0443884,-37.8795254]]}},{"type":"Feature","id":"1359717668","properties":{"osmWayId":"1359717668","name":"Queens Avenue","parkingStatus":"unknown"},"geometry":{"type":"LineString","coordinates":[[145.0443884,-37.8795254],[145.0443953,-37.8795735],[145.0443873,-37.8796146]]}},{"type":"Feature","id":"1360881818","properties":{"osmWayId":"1360881818","name":"Unnamed road","parkingStatus":"unknown"},"geometry":{"type":"LineString","coordinates":[[145.0609521,-37.8990619],[145.0609358,-37.8991396]]}},{"type":"Feature","id":"1361021872","properties":{"osmWayId":"1361021872","name":"Moira Avenue","parkingStatus":"unknown"},"geometry":{"type":"LineString","coordinates":[[145.0509868,-37.89519],[145.0509738,-37.8952303],[145.0509692,-37.8952522],[145.0509677,-37.8952597],[145.0509609,-37.8952919]]}},{"type":"Feature","id":"1361021881","properties":{"osmWayId":"1361021881","name":"Neville Street","parkingStatus":"unknown"},"geometry":{"type":"LineString","coordinates":[[145.0505159,-37.897687],[145.0511097,-37.8977641]]}},{"type":"Feature","id":"1362745874","properties":{"osmWayId":"1362745874","name":"Unnamed road","parkingStatus":"unknown"},"geometry":{"type":"LineString","coordinates":[[145.0518486,-37.8941399],[145.0514544,-37.8940988]]}},{"type":"Feature","id":"1362745875","properties":{"osmWayId":"1362745875","name":"Unnamed road","parkingStatus":"unknown"},"geometry":{"type":"LineString","coordinates":[[145.0514218,-37.894569],[145.0517663,-37.8946071]]}},{"type":"Feature","id":"1362745876","properties":{"osmWayId":"1362745876","name":"Unnamed road","parkingStatus":"unknown"},"geometry":{"type":"LineString","coordinates":[[145.0513547,-37.8947057],[145.0517409,-37.89475]]}},{"type":"Feature","id":"1362745877","properties":{"osmWayId":"1362745877","name":"Unnamed road","parkingStatus":"unknown"},"geometry":{"type":"LineString","coordinates":[[145.0512577,-37.8948571],[145.0517133,-37.894905]]}},{"type":"Feature","id":"1362745878","properties":{"osmWayId":"1362745878","name":"Unnamed road","parkingStatus":"unknown"},"geometry":{"type":"LineString","coordinates":[[145.0516529,-37.8952444],[145.0522123,-37.8953102],[145.0522882,-37.8954531]]}},{"type":"Feature","id":"1362745879","properties":{"osmWayId":"1362745879","name":"Unnamed road","parkingStatus":"unknown"},"geometry":{"type":"LineString","coordinates":[[145.0516906,-37.8950326],[145.0511919,-37.8949754]]}},{"type":"Feature","id":"1362745880","properties":{"osmWayId":"1362745880","name":"Unnamed road","parkingStatus":"unknown"},"geometry":{"type":"LineString","coordinates":[[145.0516627,-37.8951893],[145.0511137,-37.8951274]]}},{"type":"Feature","id":"1362745881","properties":{"osmWayId":"1362745881","name":"Unnamed road","parkingStatus":"unknown"},"geometry":{"type":"LineString","coordinates":[[145.0511137,-37.8951274],[145.0511919,-37.8949754],[145.0512577,-37.8948571],[145.0513547,-37.8947057],[145.0514218,-37.894569],[145.0514603,-37.8944237],[145.0514653,-37.8942413],[145.0514544,-37.8940988]]}},{"type":"Feature","id":"1370754590","properties":{"osmWayId":"1370754590","name":"Unnamed road","parkingStatus":"unknown"},"geometry":{"type":"LineString","coordinates":[[145.0690635,-37.8799469],[145.069527,-37.8800077],[145.0696009,-37.8800173]]}},{"type":"Feature","id":"1371878962","properties":{"osmWayId":"1371878962","name":"Queens Avenue","parkingStatus":"unknown"},"geometry":{"type":"LineString","coordinates":[[145.0445727,-37.8784999],[145.0445255,-37.878762]]}},{"type":"Feature","id":"1391563418","properties":{"osmWayId":"1391563418","name":"Woornack Road","parkingStatus":"unknown"},"geometry":{"type":"LineString","coordinates":[[145.0554874,-37.8975242],[145.0555892,-37.8975363],[145.0556807,-37.8975511],[145.055771,-37.8975768]]}},{"type":"Feature","id":"1391563419","properties":{"osmWayId":"1391563419","name":"Woornack Road","parkingStatus":"unknown"},"geometry":{"type":"LineString","coordinates":[[145.055771,-37.8975768],[145.0556758,-37.8975804],[145.0555817,-37.8975757],[145.0555499,-37.8975722],[145.0554798,-37.8975645]]}},{"type":"Feature","id":"1391563420","properties":{"osmWayId":"1391563420","name":"Rosanna Street","parkingStatus":"unknown"},"geometry":{"type":"LineString","coordinates":[[145.0556063,-37.8983149],[145.055443,-37.8983162],[145.0554115,-37.8983125],[145.0553399,-37.8983041]]}},{"type":"Feature","id":"1391563421","properties":{"osmWayId":"1391563421","name":"Rosanna Street","parkingStatus":"unknown"},"geometry":{"type":"LineString","coordinates":[[145.055348,-37.8982596],[145.0554493,-37.8982757],[145.0556063,-37.8983149]]}},{"type":"Feature","id":"1391563422","properties":{"osmWayId":"1391563422","name":"Garden Avenue","parkingStatus":"unknown"},"geometry":{"type":"LineString","coordinates":[[145.0460792,-37.8933864],[145.0459724,-37.8933791],[145.0457642,-37.8933437]]}},{"type":"Feature","id":"1391563423","properties":{"osmWayId":"1391563423","name":"Garden Avenue","parkingStatus":"unknown"},"geometry":{"type":"LineString","coordinates":[[145.0457642,-37.8933437],[145.0459716,-37.8933361],[145.0460013,-37.893334],[145.0460745,-37.8933288]]}},{"type":"Feature","id":"1457658379","properties":{"osmWayId":"1457658379","name":"Unnamed road","parkingStatus":"unknown"},"geometry":{"type":"LineString","coordinates":[[145.058346,-37.8966356],[145.0583577,-37.8965749],[145.0584646,-37.8960674]]}},{"type":"Feature","id":"1484028917","properties":{"osmWayId":"1484028917","name":"Cooinda Place","parkingStatus":"unknown"},"geometry":{"type":"LineString","coordinates":[[145.0670555,-37.8799504],[145.0670273,-37.8799581],[145.0670158,-37.8799818],[145.0670069,-37.88],[145.0669847,-37.8801055],[145.0669602,-37.8801267]]}},{"type":"Feature","id":"1484719316","properties":{"osmWayId":"1484719316","name":"Unnamed road","parkingStatus":"unknown"},"geometry":{"type":"LineString","coordinates":[[145.0592854,-37.8954942],[145.0593024,-37.8954404],[145.0594182,-37.8948116]]}},{"type":"Feature","id":"1492038913","properties":{"osmWayId":"1492038913","name":"Unnamed road","parkingStatus":"unknown"},"geometry":{"type":"LineString","coordinates":[[145.0486821,-37.8827293],[145.048775,-37.8827663],[145.0491831,-37.8829468],[145.0492422,-37.8829665],[145.0492882,-37.8829733],[145.0493238,-37.8829764],[145.0494407,-37.8829794],[145.0495051,-37.8829899],[145.0495816,-37.8830034],[145.0497046,-37.8830242],[145.0497303,-37.8830156],[145.04974,-37.8829966],[145.0497388,-37.8829763],[145.0497278,-37.8829571],[145.0497061,-37.8829444],[145.0496127,-37.8829198],[145.0495886,-37.8829195],[145.0495629,-37.8829235],[145.0495462,-37.8829337],[145.0495051,-37.8829899]]}},{"type":"Feature","id":"1497706504","properties":{"osmWayId":"1497706504","name":"Unnamed road","parkingStatus":"unknown"},"geometry":{"type":"LineString","coordinates":[[145.0564136,-37.8964049],[145.056406,-37.8963401],[145.0563969,-37.8962611],[145.0564224,-37.896187],[145.0564646,-37.8961574],[145.0565518,-37.8961055],[145.0565954,-37.896042],[145.056598,-37.8959315]]}},{"type":"Feature","id":"1497706505","properties":{"osmWayId":"1497706505","name":"Unnamed road","parkingStatus":"unknown"},"geometry":{"type":"LineString","coordinates":[[145.0568773,-37.8964602],[145.0568883,-37.8963982],[145.0569803,-37.8958822]]}},{"type":"Feature","id":"1497706506","properties":{"osmWayId":"1497706506","name":"Unnamed road","parkingStatus":"unknown"},"geometry":{"type":"LineString","coordinates":[[145.0572282,-37.8965021],[145.0572398,-37.8964406],[145.0573377,-37.895923]]}},{"type":"Feature","id":"1497706507","properties":{"osmWayId":"1497706507","name":"Unnamed road","parkingStatus":"unknown"},"geometry":{"type":"LineString","coordinates":[[145.0574234,-37.8965254],[145.057437,-37.8964643],[145.0575174,-37.8961024]]}},{"type":"Feature","id":"1497706508","properties":{"osmWayId":"1497706508","name":"Unnamed road","parkingStatus":"unknown"},"geometry":{"type":"LineString","coordinates":[[145.0576445,-37.8965518],[145.0576452,-37.8964893],[145.0576468,-37.8963553],[145.0576702,-37.8963061],[145.0577112,-37.8962749],[145.0578017,-37.8962495],[145.0578412,-37.8961013]]}},{"type":"Feature","id":"1500637406","properties":{"osmWayId":"1500637406","name":"Graceburn Avenue","parkingStatus":"unknown"},"geometry":{"type":"LineString","coordinates":[[145.0559893,-37.8911737],[145.055892,-37.8911618],[145.0544923,-37.8909902]]}},{"type":"Feature","id":"1500638538","properties":{"osmWayId":"1500638538","name":"Woorayl Street","parkingStatus":"unknown"},"geometry":{"type":"LineString","coordinates":[[145.0577581,-37.8855403],[145.0578797,-37.8855523],[145.0579137,-37.8855564],[145.0579395,-37.8855631],[145.057972,-37.8855752],[145.0580464,-37.8856094]]}},{"type":"Feature","id":"1527429807","properties":{"osmWayId":"1527429807","name":"Murrumbeena Road","parkingStatus":"unknown"},"geometry":{"type":"LineString","coordinates":[[145.0666666,-37.8889069],[145.066657,-37.8889561],[145.0665919,-37.8893066]]}},{"type":"Feature","id":"1543936608","properties":{"osmWayId":"1543936608","name":"Unnamed road","parkingStatus":"unknown"},"geometry":{"type":"LineString","coordinates":[[145.045459,-37.8789934],[145.0452986,-37.8791499],[145.0459093,-37.8795388],[145.046018,-37.879608],[145.0464405,-37.8799292]]}},{"type":"Feature","id":"1560631279","properties":{"osmWayId":"1560631279","name":"Unnamed road","parkingStatus":"unknown"},"geometry":{"type":"LineString","coordinates":[[145.0551997,-37.8993476],[145.0552131,-37.8993642]]}},{"type":"Feature","id":"1560631280","properties":{"osmWayId":"1560631280","name":"Unnamed road","parkingStatus":"unknown"},"geometry":{"type":"LineString","coordinates":[[145.0552131,-37.8993642],[145.0552199,-37.8993844],[145.0552184,-37.8994052],[145.0552086,-37.8994247],[145.0551917,-37.8994407]]}},{"type":"Feature","id":"1560631281","properties":{"osmWayId":"1560631281","name":"Unnamed road","parkingStatus":"unknown"},"geometry":{"type":"LineString","coordinates":[[145.0551917,-37.8994407],[145.0551861,-37.8994442]]}},{"type":"Feature","id":"1560631282","properties":{"osmWayId":"1560631282","name":"Unnamed road","parkingStatus":"unknown"},"geometry":{"type":"LineString","coordinates":[[145.0550745,-37.8994349],[145.0550632,-37.8994222],[145.055056,-37.8994078]]}},{"type":"Feature","id":"1560631283","properties":{"osmWayId":"1560631283","name":"Unnamed road","parkingStatus":"unknown"},"geometry":{"type":"LineString","coordinates":[[145.055056,-37.8994078],[145.0550533,-37.8993886],[145.0550578,-37.8993696],[145.055069,-37.8993525],[145.0550861,-37.8993387]]}},{"type":"Feature","id":"1560631284","properties":{"osmWayId":"1560631284","name":"Unnamed road","parkingStatus":"unknown"},"geometry":{"type":"LineString","coordinates":[[145.0550861,-37.8993387],[145.0550973,-37.899333]]}},{"type":"Feature","id":"1560631285","properties":{"osmWayId":"1560631285","name":"Unnamed road","parkingStatus":"unknown"},"geometry":{"type":"LineString","coordinates":[[145.0550973,-37.899333],[145.0551238,-37.8993259],[145.0551517,-37.8993262],[145.055178,-37.8993337],[145.0551997,-37.8993476]]}},{"type":"Feature","id":"1560631286","properties":{"osmWayId":"1560631286","name":"Unnamed road","parkingStatus":"unknown"},"geometry":{"type":"LineString","coordinates":[[145.0551861,-37.8994442],[145.0551644,-37.8994532]]}}]}
